[2026-01-21T15:44:56.574] [DEBUG] debug-file - env: nodejsVersion=v18.20.1
[2026-01-21T15:44:56.881] [DEBUG] debug-file - Hvigor init with startParameters:{
  hvigorfileTypeCheck: false,
  parallelExecution: true,
  incrementalExecution: true,
  printStackTrace: false,
  daemon: false,
  analyze: 0,
  logLevel: Level { level: 20000, levelStr: 'INFO', colour: 'green' },
  optimizationStrategy: 'memory',
  hotCompile: undefined,
  hotReloadBuild: undefined,
  customizedParam: undefined
}
[2026-01-21T15:44:58.142] [DEBUG] debug-file - hvigorfile, require result:  { default: { system: [Function: appTasks], plugins: [] } }
[2026-01-21T15:44:58.144] [DEBUG] debug-file - Starting plugin build process
[2026-01-21T15:44:58.277] [DEBUG] debug-file - App plugin register hook start...
[2026-01-21T15:44:58.279] [DEBUG] debug-file - Start initialize project's product build option map with build mode debug.
[2026-01-21T15:44:58.282] [DEBUG] debug-file - Obtain build option for product 'default'in this build.
[2026-01-21T15:44:58.294] [DEBUG] debug-file - Start recording SDK configuration permission data.
[2026-01-21T15:44:58.325] [DEBUG] debug-file - Project task initialization takes 5 ms 
[2026-01-21T15:44:58.333] [DEBUG] debug-file - failed to load cangjie to dynamically generate schemas: Error: Cannot find module '@ohos/cangjie-build-support/index'
Require stack:
- D:\sw\DevEco Studio\tools\hvigor\hvigor-ohos-plugin\src\plugin\hooks\cangjie-register.js
- D:\sw\DevEco Studio\tools\hvigor\hvigor-ohos-plugin\src\plugin\strategy\stage-init-strategy.js
- D:\sw\DevEco Studio\tools\hvigor\hvigor-ohos-plugin\src\plugin\builder\abstract-plugin-builder.js
- D:\sw\DevEco Studio\tools\hvigor\hvigor-ohos-plugin\src\plugin\builder\app-plugin-builder.js
- D:\sw\DevEco Studio\tools\hvigor\hvigor-ohos-plugin\src\plugin\factory\plugin-factory.js
- D:\sw\DevEco Studio\tools\hvigor\hvigor-ohos-plugin\index.js
- D:\adavance\hwhm\ArkTS\hvigorfile.ts
- D:\sw\DevEco Studio\tools\hvigor\hvigor\src\base\internal\lifecycle\configuration.js
- D:\sw\DevEco Studio\tools\hvigor\hvigor\src\base\boot\index.js
- D:\sw\DevEco Studio\tools\hvigor\hvigor\src\cli\main\cli.js
- D:\sw\DevEco Studio\tools\hvigor\hvigor\bin\hvigor.js
[2026-01-21T15:44:58.345] [DEBUG] debug-file - Start initialize module-target build option map, moduleName=entry, buildMode=debug
[2026-01-21T15:44:58.351] [DEBUG] debug-file - project has submodules:entry
[2026-01-21T15:44:58.352] [DEBUG] debug-file - start to load updatedOhPackageInfo to the disk
[2026-01-21T15:44:58.409] [DEBUG] debug-file - Start to initialize dependency information.
[2026-01-21T15:44:58.418] [DEBUG] debug-file - entry : clean cost memory 0.10851287841796875
[2026-01-21T15:44:56.577] [DEBUG] debug-file - env: hvigor-config.json5 content = {
  modelVersion: '5.1.1',
  dependencies: {},
  execution: {},
  logging: {},
  debugging: {},
  nodeOptions: {}
}
[2026-01-21T15:44:56.881] [DEBUG] debug-file - Since current hvigor version 6.22.2 differs from last hvigor version 
      undefined, delete file-cache.json and task-cache.json.
[2026-01-21T15:44:58.440] [DEBUG] debug-file - Create  resident worker with id: 0.
[2026-01-21T15:44:58.142] [DEBUG] debug-file - hvigorfile, binding system plugins [Function: appTasks]
[2026-01-21T15:44:58.144] [DEBUG] debug-file - App plugin prepare start...
[2026-01-21T15:44:58.278] [DEBUG] debug-file - App plugin register hook end...
[2026-01-21T15:44:58.279] [DEBUG] debug-file - Picking option from product 'default' with build mode 'debug'.
[2026-01-21T15:44:58.287] [DEBUG] debug-file - No signingConfig found, initRemoteHspCache failed.
[2026-01-21T15:44:58.319] [DEBUG] debug-file - Sdk init in 31 ms 
[2026-01-21T15:44:58.326] [DEBUG] debug-file - hvigorfile, binding custom plugins []
[2026-01-21T15:44:58.345] [DEBUG] debug-file - Target 'default' config initialized
[2026-01-21T15:44:58.355] [DEBUG] debug-file - load to the disk finished
[2026-01-21T15:44:58.411] [DEBUG] debug-file - Module entry Collected Dependency: 
[2026-01-21T15:44:58.418] [DEBUG] debug-file - runTaskFromQueue task cost before running: 1 s 543 ms 
[2026-01-21T15:44:56.579] [DEBUG] debug-file - env: daemon=false
[2026-01-21T15:44:56.882] [DEBUG] debug-file - Cache service initialization finished in 1 ms 
[2026-01-21T15:44:58.442] [DEBUG] debug-file - Create  resident worker with id: 1.
[2026-01-21T15:44:58.144] [DEBUG] debug-file - App plugin prepare end...
[2026-01-21T15:44:58.278] [DEBUG] debug-file - Plugin build process completed
[2026-01-21T15:44:58.279] [DEBUG] debug-file - Product 'default' build option initialized
[2026-01-21T15:44:58.290] [DEBUG] debug-file - Local scan or download HarmonyOS sdk components toolchains,ets,js,native,previewer
[2026-01-21T15:44:58.326] [DEBUG] debug-file - hvigorfile, no custom plugins were found in D:\adavance\hwhm\ArkTS\hvigorfile.ts
[2026-01-21T15:44:58.345] [DEBUG] debug-file - Target 'ohosTest' config initialized
[2026-01-21T15:44:58.356] [DEBUG] debug-file - Start to initialize dependency information.
[2026-01-21T15:44:58.412] [DEBUG] debug-file - Module entry's total dependency: 0
[2026-01-21T15:44:58.419] [INFO] debug-file - Finished :entry:clean... after 2 ms 
[2026-01-21T15:44:56.579] [DEBUG] debug-file - no-daemon, use the parent process.execArgv --max-old-space-size=8192,--max-semi-space-size=16,--expose-gc
[2026-01-21T15:44:56.883] [DEBUG] debug-file - hvigorfile, resolving D:\adavance\hwhm\ArkTS\hvigorfile.ts
[2026-01-21T15:44:58.444] [DEBUG] debug-file - Current worker pool is stopped or closed.
[2026-01-21T15:44:58.144] [DEBUG] debug-file - App plugin creating...
[2026-01-21T15:44:58.279] [DEBUG] debug-file - End initialize project's product build option map with build mode 'debug'.
[2026-01-21T15:44:58.291] [DEBUG] debug-file - Local scan or download hmscore sdk components toolchains,ets,native
[2026-01-21T15:44:58.326] [DEBUG] debug-file - hvigorfile, resolve finished D:\adavance\hwhm\ArkTS\hvigorfile.ts
[2026-01-21T15:44:58.346] [DEBUG] debug-file - Module 'entry' target 'default' build option initialized
[2026-01-21T15:44:58.406] [DEBUG] debug-file - Module ArkTS Collected Dependency: 
[2026-01-21T15:44:58.414] [DEBUG] debug-file - Configuration phase cost:1 s 533 ms 
[2026-01-21T15:44:58.419] [DEBUG] debug-file - Executing task ::clean
[2026-01-21T15:44:58.444] [DEBUG] debug-file - Clear worker 0.
[2026-01-21T15:44:58.326] [DEBUG] debug-file - hvigorfile, resolving D:\adavance\hwhm\ArkTS\entry\hvigorfile.ts
[2026-01-21T15:44:58.346] [DEBUG] debug-file - Module 'entry' target 'ohosTest' build option initialized
[2026-01-21T15:44:58.406] [DEBUG] debug-file - Module ArkTS's total dependency: 0
[2026-01-21T15:44:58.416] [DEBUG] debug-file - Configuration task cost before running: 1 s 541 ms 
[2026-01-21T15:44:58.419] [DEBUG] debug-file - clean: Worker pool is inactive.
[2026-01-21T15:44:58.444] [DEBUG] debug-file - Worker 0 has been cleared.
[2026-01-21T15:44:58.332] [DEBUG] debug-file - hvigorfile, require result:  { default: { system: [Function: hapTasks], plugins: [] } }
[2026-01-21T15:44:58.346] [DEBUG] debug-file - End initialize module-target build option map, moduleName=entry
[2026-01-21T15:44:58.417] [DEBUG] debug-file - Executing task :entry:clean
[2026-01-21T15:44:58.419] [DEBUG] debug-file - ArkTS : clean cost memory 0.019683837890625
[2026-01-21T15:44:58.444] [DEBUG] debug-file - Current idle worker size: 1.
[2026-01-21T15:44:58.332] [DEBUG] debug-file - hvigorfile, binding system plugins [Function: hapTasks]
[2026-01-21T15:44:58.346] [DEBUG] debug-file - Start initialize module-target build option map, moduleName=entry, buildMode=release
[2026-01-21T15:44:58.417] [DEBUG] debug-file - clean: Worker pool is inactive.
[2026-01-21T15:44:58.419] [DEBUG] debug-file - runTaskFromQueue task cost before running: 1 s 544 ms 
[2026-01-21T15:44:58.332] [DEBUG] debug-file - Starting plugin build process
[2026-01-21T15:44:58.444] [DEBUG] debug-file - Current busy worker size: 0.
[2026-01-21T15:44:58.346] [DEBUG] debug-file - Target 'default' config initialized
[2026-01-21T15:44:58.332] [DEBUG] debug-file - Hap plugin creating...
[2026-01-21T15:44:58.419] [INFO] debug-file - Finished ::clean... after 1 ms 
[2026-01-21T15:44:58.346] [DEBUG] debug-file - Target 'ohosTest' config initialized
[2026-01-21T15:44:58.444] [DEBUG] debug-file - Clear worker 1.
[2026-01-21T15:44:58.419] [DEBUG] debug-file - Executing task :entry:init
[2026-01-21T15:44:58.346] [DEBUG] debug-file - Module 'entry' target 'default' build option initialized
[2026-01-21T15:44:58.445] [DEBUG] debug-file - Worker 1 has been cleared.
[2026-01-21T15:44:58.419] [DEBUG] debug-file - entry : init cost memory 0.01263427734375
[2026-01-21T15:44:58.346] [DEBUG] debug-file - Module 'entry' target 'ohosTest' build option initialized
[2026-01-21T15:44:58.445] [DEBUG] debug-file - Current idle worker size: 0.
[2026-01-21T15:44:58.346] [DEBUG] debug-file - End initialize module-target build option map, moduleName=entry
[2026-01-21T15:44:58.419] [DEBUG] debug-file - runTaskFromQueue task cost before running: 1 s 545 ms 
[2026-01-21T15:44:58.445] [DEBUG] debug-file - Current busy worker size: 0.
[2026-01-21T15:44:58.346] [DEBUG] debug-file - Start initialize module-target build option map, moduleName=entry, buildMode=debug
[2026-01-21T15:44:58.420] [INFO] debug-file - Finished :entry:init... after 1 ms 
[2026-01-21T15:44:58.445] [DEBUG] debug-file - hvigor build process will be closed.
[2026-01-21T15:44:58.346] [DEBUG] debug-file - Target 'default' config initialized
[2026-01-21T15:44:58.420] [DEBUG] debug-file - Executing task ::init
[2026-01-21T15:44:58.452] [DEBUG] debug-file - worker[0] exits with exit code 0.
[2026-01-21T15:44:58.346] [DEBUG] debug-file - Target 'ohosTest' config initialized
[2026-01-21T15:44:58.420] [DEBUG] debug-file - ArkTS : init cost memory 0.01141357421875
[2026-01-21T15:44:58.452] [DEBUG] debug-file - worker[1] exits with exit code 0.
[2026-01-21T15:44:58.346] [DEBUG] debug-file - Module 'entry' target 'default' build option initialized
[2026-01-21T15:44:58.420] [DEBUG] debug-file - runTaskFromQueue task cost before running: 1 s 545 ms 
[2026-01-21T15:44:58.455] [DEBUG] debug-file - Current worker pool is terminated.
[2026-01-21T15:44:58.346] [DEBUG] debug-file - Module 'entry' target 'ohosTest' build option initialized
[2026-01-21T15:44:58.420] [INFO] debug-file - Finished ::init... after 1 ms 
[2026-01-21T15:44:58.346] [DEBUG] debug-file - End initialize module-target build option map, moduleName=entry
[2026-01-21T15:44:58.429] [DEBUG] debug-file - Obtain build option for module 'entry' target 'default'in this build.
[2026-01-21T15:44:58.347] [DEBUG] debug-file - Obtain build option for module 'entry' target 'default'in this build.
[2026-01-21T15:44:58.429] [DEBUG] debug-file - Obtain build option for module 'entry' target 'ohosTest'in this build.
[2026-01-21T15:44:58.350] [DEBUG] debug-file - Module entry task initialization takes 3 ms 
[2026-01-21T15:44:58.438] [DEBUG] debug-file - Since there is no instance or instance is terminated, create a new worker pool.
[2026-01-21T15:44:58.350] [DEBUG] debug-file - Hap plugin register hook start...
[2026-01-21T15:44:58.439] [DEBUG] debug-file - Worker pool is initialized with config:  {
  minPoolNum: 2,
  maxPoolNum: undefined,
  maxCoreSize: undefined,
  cacheCapacity: undefined,
  cacheTtl: undefined
}
[2026-01-21T15:44:58.350] [DEBUG] debug-file - Hap plugin register hook end...
[2026-01-21T15:44:58.350] [DEBUG] debug-file - Plugin build process completed
[2026-01-21T15:44:58.350] [DEBUG] debug-file - hvigorfile, binding custom plugins []
[2026-01-21T15:44:58.350] [DEBUG] debug-file - hvigorfile, no custom plugins were found in D:\adavance\hwhm\ArkTS\entry\hvigorfile.ts
[2026-01-21T15:44:58.350] [DEBUG] debug-file - hvigorfile, resolve finished D:\adavance\hwhm\ArkTS\entry\hvigorfile.ts
[2026-01-21T15:45:22.914] [DEBUG] debug-file - env: nodejsVersion=v18.20.1
[2026-01-21T15:45:22.963] [DEBUG] debug-file - env: daemon=true
[2026-01-21T15:45:22.915] [DEBUG] debug-file - env: hvigor-config.json5 content = {
  modelVersion: '5.1.1',
  dependencies: {},
  execution: {},
  logging: {},
  debugging: {},
  nodeOptions: {}
}
[2026-01-21T15:45:23.510] [DEBUG] debug-file - java daemon tryConnect failed Error: connect ECONNREFUSED 127.0.0.1:45050
[2026-01-21T15:45:23.545] [DEBUG] debug-file - java daemon started at port 45050 pid 34640
[2026-01-21T15:45:23.571] [DEBUG] debug-file - session manager: set active socket. socketId=TKJVdr5Ga2C4skqvAAAB
[2026-01-21T15:45:24.119] [DEBUG] debug-file - watch worker: worker id should be larger than 0. Nothing will be sent to any worker thread.
[2026-01-21T15:45:24.123] [DEBUG] debug-file - Since there is no instance or instance is terminated, create a new worker pool.
[2026-01-21T15:45:24.124] [DEBUG] debug-file - Worker pool is initialized with config:  {
  minPoolNum: 2,
  maxPoolNum: undefined,
  maxCoreSize: undefined,
  cacheCapacity: undefined,
  cacheTtl: undefined
}
[2026-01-21T15:45:24.125] [DEBUG] debug-file - Create  resident worker with id: 0.
[2026-01-21T15:45:24.127] [DEBUG] debug-file - Create  resident worker with id: 1.
[2026-01-21T15:45:24.129] [DEBUG] debug-file - Workers' log level updated to INFO
[2026-01-21T15:45:24.134] [DEBUG] debug-file - Hvigor init with startParameters:{
  hvigorfileTypeCheck: false,
  parallelExecution: true,
  incrementalExecution: true,
  printStackTrace: false,
  daemon: true,
  analyze: 0,
  logLevel: Level { level: 20000, levelStr: 'INFO', colour: 'green' },
  optimizationStrategy: 'memory',
  hotCompile: undefined,
  hotReloadBuild: undefined,
  customizedParam: undefined
}
[2026-01-21T15:45:24.135] [DEBUG] debug-file - Cache service initialization finished in 1 ms 
[2026-01-21T15:45:24.137] [DEBUG] debug-file - hvigorfile, resolving D:\adavance\hwhm\ArkTS\hvigorfile.ts
[2026-01-21T15:45:25.308] [DEBUG] debug-file - hvigorfile, require result:  { default: { plugins: [] } }
[2026-01-21T15:45:25.309] [DEBUG] debug-file - hvigorfile, binding system plugins null
[2026-01-21T15:45:25.309] [DEBUG] debug-file - Starting plugin build process
[2026-01-21T15:45:25.309] [DEBUG] debug-file - App plugin prepare start...
[2026-01-21T15:45:25.309] [DEBUG] debug-file - App plugin prepare end...
[2026-01-21T15:45:25.309] [DEBUG] debug-file - App plugin creating...
[2026-01-21T15:45:25.452] [DEBUG] debug-file - App plugin register hook start...
[2026-01-21T15:45:25.453] [DEBUG] debug-file - App plugin register hook end...
[2026-01-21T15:45:25.453] [DEBUG] debug-file - Plugin build process completed
[2026-01-21T15:45:25.454] [DEBUG] debug-file - Start initialize project's product build option map with build mode debug.
[2026-01-21T15:45:25.454] [DEBUG] debug-file - Picking option from product 'default' with build mode 'debug'.
[2026-01-21T15:45:25.454] [DEBUG] debug-file - Product 'default' build option initialized
[2026-01-21T15:45:25.454] [DEBUG] debug-file - End initialize project's product build option map with build mode 'debug'.
[2026-01-21T15:45:25.455] [DEBUG] debug-file - Obtain build option for product 'default'in this build.
[2026-01-21T15:45:25.461] [DEBUG] debug-file - No signingConfig found, initRemoteHspCache failed.
[2026-01-21T15:45:25.462] [DEBUG] debug-file - Local scan or download HarmonyOS sdk components toolchains,ets,js,native,previewer
[2026-01-21T15:45:25.464] [DEBUG] debug-file - Local scan or download hmscore sdk components toolchains,ets,native
[2026-01-21T15:45:25.466] [DEBUG] debug-file - Start recording SDK configuration permission data.
[2026-01-21T15:45:25.492] [DEBUG] debug-file - Sdk init in 30 ms 
[2026-01-21T15:45:25.496] [DEBUG] debug-file - Project task initialization takes 4 ms 
[2026-01-21T15:45:25.496] [DEBUG] debug-file - hvigorfile, binding custom plugins []
[2026-01-21T15:45:25.496] [DEBUG] debug-file - hvigorfile, no custom plugins were found in D:\adavance\hwhm\ArkTS\hvigorfile.ts
[2026-01-21T15:45:25.496] [DEBUG] debug-file - hvigorfile, resolve finished D:\adavance\hwhm\ArkTS\hvigorfile.ts
[2026-01-21T15:45:25.496] [DEBUG] debug-file - hvigorfile, resolving D:\adavance\hwhm\ArkTS\entry\hvigorfile.ts
[2026-01-21T15:45:25.501] [DEBUG] debug-file - hvigorfile, require result:  { default: { plugins: [] } }
[2026-01-21T15:45:25.501] [DEBUG] debug-file - hvigorfile, binding system plugins null
[2026-01-21T15:45:25.501] [DEBUG] debug-file - Starting plugin build process
[2026-01-21T15:45:25.501] [DEBUG] debug-file - Hap plugin creating...
[2026-01-21T15:45:25.502] [DEBUG] debug-file - failed to load cangjie to dynamically generate schemas: Error: Cannot find module '@ohos/cangjie-build-support/index'
Require stack:
- D:\sw\DevEco Studio\tools\hvigor\hvigor-ohos-plugin\src\plugin\hooks\cangjie-register.js
- D:\sw\DevEco Studio\tools\hvigor\hvigor-ohos-plugin\src\plugin\strategy\stage-init-strategy.js
- D:\sw\DevEco Studio\tools\hvigor\hvigor-ohos-plugin\src\plugin\builder\abstract-plugin-builder.js
- D:\sw\DevEco Studio\tools\hvigor\hvigor-ohos-plugin\src\plugin\builder\app-plugin-builder.js
- D:\sw\DevEco Studio\tools\hvigor\hvigor-ohos-plugin\src\plugin\factory\plugin-factory.js
- D:\sw\DevEco Studio\tools\hvigor\hvigor-ohos-plugin\index.js
- D:\adavance\hwhm\ArkTS\hvigorfile.ts
- D:\sw\DevEco Studio\tools\hvigor\hvigor\src\base\internal\lifecycle\configuration.js
- D:\sw\DevEco Studio\tools\hvigor\hvigor\src\base\boot\index.js
- D:\sw\DevEco Studio\tools\hvigor\hvigor\src\base\daemon\cluster\worker-process-lifecycle.js
- D:\sw\DevEco Studio\tools\hvigor\hvigor\src\base\daemon\process\daemon-process-boot-script.js
[2026-01-21T15:45:25.512] [DEBUG] debug-file - Start initialize module-target build option map, moduleName=entry, buildMode=debug
[2026-01-21T15:45:25.512] [DEBUG] debug-file - Target 'default' config initialized
[2026-01-21T15:45:25.513] [DEBUG] debug-file - Target 'ohosTest' config initialized
[2026-01-21T15:45:25.513] [DEBUG] debug-file - Module 'entry' target 'default' build option initialized
[2026-01-21T15:45:25.513] [DEBUG] debug-file - Module 'entry' target 'ohosTest' build option initialized
[2026-01-21T15:45:25.513] [DEBUG] debug-file - End initialize module-target build option map, moduleName=entry
[2026-01-21T15:45:25.513] [DEBUG] debug-file - Start initialize module-target build option map, moduleName=entry, buildMode=release
[2026-01-21T15:45:25.513] [DEBUG] debug-file - Target 'default' config initialized
[2026-01-21T15:45:25.513] [DEBUG] debug-file - Target 'ohosTest' config initialized
[2026-01-21T15:45:25.514] [DEBUG] debug-file - Module 'entry' target 'default' build option initialized
[2026-01-21T15:45:25.514] [DEBUG] debug-file - Module 'entry' target 'ohosTest' build option initialized
[2026-01-21T15:45:25.514] [DEBUG] debug-file - End initialize module-target build option map, moduleName=entry
[2026-01-21T15:45:25.514] [DEBUG] debug-file - Start initialize module-target build option map, moduleName=entry, buildMode=debug
[2026-01-21T15:45:25.514] [DEBUG] debug-file - Target 'default' config initialized
[2026-01-21T15:45:25.514] [DEBUG] debug-file - Target 'ohosTest' config initialized
[2026-01-21T15:45:25.514] [DEBUG] debug-file - Module 'entry' target 'default' build option initialized
[2026-01-21T15:45:25.514] [DEBUG] debug-file - Module 'entry' target 'ohosTest' build option initialized
[2026-01-21T15:45:25.514] [DEBUG] debug-file - End initialize module-target build option map, moduleName=entry
[2026-01-21T15:45:25.514] [DEBUG] debug-file - Obtain build option for module 'entry' target 'default'in this build.
[2026-01-21T15:45:25.518] [DEBUG] debug-file - Module entry task initialization takes 3 ms 
[2026-01-21T15:45:25.518] [DEBUG] debug-file - Hap plugin register hook start...
[2026-01-21T15:45:25.518] [DEBUG] debug-file - Hap plugin register hook end...
[2026-01-21T15:45:25.518] [DEBUG] debug-file - Plugin build process completed
[2026-01-21T15:45:25.518] [DEBUG] debug-file - hvigorfile, binding custom plugins []
[2026-01-21T15:45:25.518] [DEBUG] debug-file - hvigorfile, no custom plugins were found in D:\adavance\hwhm\ArkTS\entry\hvigorfile.ts
[2026-01-21T15:45:25.518] [DEBUG] debug-file - hvigorfile, resolve finished D:\adavance\hwhm\ArkTS\entry\hvigorfile.ts
[2026-01-21T15:45:25.536] [DEBUG] debug-file - hvigorfile, resolve hvigorfile dependencies in 18 ms 
[2026-01-21T15:45:25.536] [DEBUG] debug-file - project has submodules:entry
[2026-01-21T15:45:25.538] [DEBUG] debug-file - start to load updatedOhPackageInfo to the disk
[2026-01-21T15:45:25.541] [DEBUG] debug-file - load to the disk finished
[2026-01-21T15:45:25.542] [DEBUG] debug-file - Start to initialize dependency information.
[2026-01-21T15:45:25.547] [DEBUG] debug-file - Module ArkTS Collected Dependency: 
[2026-01-21T15:45:25.547] [DEBUG] debug-file - Module ArkTS's total dependency: 0
[2026-01-21T15:45:25.548] [DEBUG] debug-file - Start to initialize dependency information.
[2026-01-21T15:45:25.550] [DEBUG] debug-file - Module entry Collected Dependency: 
[2026-01-21T15:45:25.550] [DEBUG] debug-file - Module entry's total dependency: 0
[2026-01-21T15:45:25.553] [DEBUG] debug-file - Configuration phase cost:1 s 417 ms 
[2026-01-21T15:45:25.554] [DEBUG] debug-file - Configuration task cost before running: 1 s 426 ms 
[2026-01-21T15:45:25.555] [DEBUG] debug-file - Executing task :entry:init
[2026-01-21T15:45:25.555] [DEBUG] debug-file - entry : init cost memory 0.01642608642578125
[2026-01-21T15:45:25.555] [DEBUG] debug-file - runTaskFromQueue task cost before running: 1 s 427 ms 
[2026-01-21T15:45:25.556] [INFO] debug-file - Finished :entry:init... after 1 ms 
[2026-01-21T15:45:25.556] [DEBUG] debug-file - Executing task ::init
[2026-01-21T15:45:25.556] [DEBUG] debug-file - ArkTS : init cost memory 0.01378631591796875
[2026-01-21T15:45:25.556] [DEBUG] debug-file - runTaskFromQueue task cost before running: 1 s 427 ms 
[2026-01-21T15:45:25.556] [INFO] debug-file - Finished ::init... after 1 ms 
[2026-01-21T15:45:25.564] [DEBUG] debug-file - Obtain build option for module 'entry' target 'default'in this build.
[2026-01-21T15:45:25.565] [DEBUG] debug-file - Obtain build option for module 'entry' target 'ohosTest'in this build.
[2026-01-21T15:45:25.568] [DEBUG] debug-file - Cleanup worker 0.
[2026-01-21T15:45:25.568] [DEBUG] debug-file - Worker 0 has been cleaned up.
[2026-01-21T15:45:25.568] [DEBUG] debug-file - Current idle worker size: 1.
[2026-01-21T15:45:25.568] [DEBUG] debug-file - Current resident worker size: 2.
[2026-01-21T15:45:25.568] [DEBUG] debug-file - Cleanup worker 1.
[2026-01-21T15:45:25.568] [DEBUG] debug-file - Worker 1 has been cleaned up.
[2026-01-21T15:45:25.568] [DEBUG] debug-file - Current idle worker size: 0.
[2026-01-21T15:45:25.568] [DEBUG] debug-file - Current resident worker size: 2.
[2026-01-21T15:45:25.570] [DEBUG] debug-file - hvigor build process will be closed.
[2026-01-21T15:45:25.571] [DEBUG] debug-file - session manager: send message to worker process.
[2026-01-21T15:45:25.572] [DEBUG] debug-file - session manager: send message to worker process.
[2026-01-21T15:45:25.573] [DEBUG] debug-file - watch worker: worker id should be larger than 0. Nothing will be sent to any worker thread.
[2026-01-21T15:45:25.573] [DEBUG] debug-file - watch worker: worker id should be larger than 0. Nothing will be sent to any worker thread.
[2026-01-21T15:45:25.574] [DEBUG] debug-file - worker[0] exits with exit code 1.
[2026-01-21T15:45:25.575] [DEBUG] debug-file - worker[1] exits with exit code 1.
[2026-01-21T15:45:25.880] [DEBUG] debug-file - session manager: set active socket. socketId=2uVcOCPv1kHFlRQxAAAD
[2026-01-21T15:45:25.897] [DEBUG] debug-file - watch worker: worker id should be larger than 0. Nothing will be sent to any worker thread.
[2026-01-21T15:45:25.899] [DEBUG] debug-file - Workers' log level updated to INFO
[2026-01-21T15:45:25.902] [DEBUG] debug-file - Hvigor init with startParameters:{
  hvigorfileTypeCheck: false,
  parallelExecution: true,
  incrementalExecution: true,
  printStackTrace: false,
  daemon: true,
  analyze: 0,
  logLevel: Level { level: 20000, levelStr: 'INFO', colour: 'green' },
  optimizationStrategy: 'memory',
  hotCompile: undefined,
  hotReloadBuild: undefined,
  customizedParam: undefined
}
[2026-01-21T15:45:25.903] [DEBUG] debug-file - Cache service initialization finished in 1 ms 
[2026-01-21T15:45:25.903] [DEBUG] debug-file - hvigorfile, resolving D:\adavance\hwhm\ArkTS\hvigorfile.ts
[2026-01-21T15:45:25.907] [DEBUG] debug-file - hvigorfile, require result:  { default: { plugins: [] } }
[2026-01-21T15:45:25.908] [DEBUG] debug-file - hvigorfile, binding system plugins null
[2026-01-21T15:45:25.908] [DEBUG] debug-file - Starting plugin build process
[2026-01-21T15:45:25.908] [DEBUG] debug-file - App plugin prepare start...
[2026-01-21T15:45:25.908] [DEBUG] debug-file - App plugin prepare end...
[2026-01-21T15:45:25.908] [DEBUG] debug-file - App plugin creating...
[2026-01-21T15:45:25.911] [DEBUG] debug-file - App plugin register hook start...
[2026-01-21T15:45:25.911] [DEBUG] debug-file - App plugin register hook end...
[2026-01-21T15:45:25.911] [DEBUG] debug-file - Plugin build process completed
[2026-01-21T15:45:25.912] [DEBUG] debug-file - Start initialize project's product build option map with build mode debug.
[2026-01-21T15:45:25.912] [DEBUG] debug-file - Picking option from product 'default' with build mode 'debug'.
[2026-01-21T15:45:25.912] [DEBUG] debug-file - Product 'default' build option initialized
[2026-01-21T15:45:25.912] [DEBUG] debug-file - End initialize project's product build option map with build mode 'debug'.
[2026-01-21T15:45:25.912] [DEBUG] debug-file - Obtain build option for product 'default'in this build.
[2026-01-21T15:45:25.915] [DEBUG] debug-file - No signingConfig found, initRemoteHspCache failed.
[2026-01-21T15:45:25.916] [DEBUG] debug-file - Start recording SDK configuration permission data.
[2026-01-21T15:45:25.939] [DEBUG] debug-file - Sdk init in 25 ms 
[2026-01-21T15:45:25.946] [DEBUG] debug-file - Project task initialization takes 6 ms 
[2026-01-21T15:45:25.946] [DEBUG] debug-file - hvigorfile, binding custom plugins []
[2026-01-21T15:45:25.946] [DEBUG] debug-file - hvigorfile, no custom plugins were found in D:\adavance\hwhm\ArkTS\hvigorfile.ts
[2026-01-21T15:45:25.946] [DEBUG] debug-file - hvigorfile, resolve finished D:\adavance\hwhm\ArkTS\hvigorfile.ts
[2026-01-21T15:45:25.946] [DEBUG] debug-file - hvigorfile, resolving D:\adavance\hwhm\ArkTS\entry\hvigorfile.ts
[2026-01-21T15:45:25.951] [DEBUG] debug-file - hvigorfile, require result:  { default: { plugins: [] } }
[2026-01-21T15:45:25.951] [DEBUG] debug-file - hvigorfile, binding system plugins null
[2026-01-21T15:45:25.951] [DEBUG] debug-file - Starting plugin build process
[2026-01-21T15:45:25.951] [DEBUG] debug-file - Hap plugin creating...
[2026-01-21T15:45:25.952] [DEBUG] debug-file - failed to load cangjie to dynamically generate schemas: Error: Cannot find module '@ohos/cangjie-build-support/index'
Require stack:
- D:\sw\DevEco Studio\tools\hvigor\hvigor-ohos-plugin\src\plugin\hooks\cangjie-register.js
- D:\sw\DevEco Studio\tools\hvigor\hvigor-ohos-plugin\src\plugin\strategy\stage-init-strategy.js
- D:\sw\DevEco Studio\tools\hvigor\hvigor-ohos-plugin\src\plugin\builder\abstract-plugin-builder.js
- D:\sw\DevEco Studio\tools\hvigor\hvigor-ohos-plugin\src\plugin\builder\app-plugin-builder.js
- D:\sw\DevEco Studio\tools\hvigor\hvigor-ohos-plugin\src\plugin\factory\plugin-factory.js
- D:\sw\DevEco Studio\tools\hvigor\hvigor-ohos-plugin\index.js
- D:\adavance\hwhm\ArkTS\hvigorfile.ts
- D:\sw\DevEco Studio\tools\hvigor\hvigor\src\base\internal\lifecycle\configuration.js
- D:\sw\DevEco Studio\tools\hvigor\hvigor\src\base\boot\index.js
- D:\sw\DevEco Studio\tools\hvigor\hvigor\src\base\daemon\cluster\worker-process-lifecycle.js
- D:\sw\DevEco Studio\tools\hvigor\hvigor\src\base\daemon\process\daemon-process-boot-script.js
[2026-01-21T15:45:25.954] [DEBUG] debug-file - Start initialize module-target build option map, moduleName=entry, buildMode=debug
[2026-01-21T15:45:25.954] [DEBUG] debug-file - Target 'default' config initialized
[2026-01-21T15:45:25.955] [DEBUG] debug-file - Target 'ohosTest' config initialized
[2026-01-21T15:45:25.955] [DEBUG] debug-file - Module 'entry' target 'default' build option initialized
[2026-01-21T15:45:25.955] [DEBUG] debug-file - Module 'entry' target 'ohosTest' build option initialized
[2026-01-21T15:45:25.955] [DEBUG] debug-file - End initialize module-target build option map, moduleName=entry
[2026-01-21T15:45:25.955] [DEBUG] debug-file - Start initialize module-target build option map, moduleName=entry, buildMode=release
[2026-01-21T15:45:25.955] [DEBUG] debug-file - Target 'default' config initialized
[2026-01-21T15:45:25.956] [DEBUG] debug-file - Target 'ohosTest' config initialized
[2026-01-21T15:45:25.956] [DEBUG] debug-file - Module 'entry' target 'default' build option initialized
[2026-01-21T15:45:25.956] [DEBUG] debug-file - Module 'entry' target 'ohosTest' build option initialized
[2026-01-21T15:45:25.956] [DEBUG] debug-file - End initialize module-target build option map, moduleName=entry
[2026-01-21T15:45:25.956] [DEBUG] debug-file - Start initialize module-target build option map, moduleName=entry, buildMode=debug
[2026-01-21T15:45:25.956] [DEBUG] debug-file - Target 'default' config initialized
[2026-01-21T15:45:25.956] [DEBUG] debug-file - Target 'ohosTest' config initialized
[2026-01-21T15:45:25.956] [DEBUG] debug-file - Module 'entry' target 'default' build option initialized
[2026-01-21T15:45:25.956] [DEBUG] debug-file - Module 'entry' target 'ohosTest' build option initialized
[2026-01-21T15:45:25.956] [DEBUG] debug-file - End initialize module-target build option map, moduleName=entry
[2026-01-21T15:45:25.956] [DEBUG] debug-file - Obtain build option for module 'entry' target 'default'in this build.
[2026-01-21T15:45:25.958] [DEBUG] debug-file - Module entry task initialization takes 1 ms 
[2026-01-21T15:45:25.958] [DEBUG] debug-file - Hap plugin register hook start...
[2026-01-21T15:45:25.958] [DEBUG] debug-file - Hap plugin register hook end...
[2026-01-21T15:45:25.958] [DEBUG] debug-file - Plugin build process completed
[2026-01-21T15:45:25.958] [DEBUG] debug-file - hvigorfile, binding custom plugins []
[2026-01-21T15:45:25.958] [DEBUG] debug-file - hvigorfile, no custom plugins were found in D:\adavance\hwhm\ArkTS\entry\hvigorfile.ts
[2026-01-21T15:45:25.958] [DEBUG] debug-file - hvigorfile, resolve finished D:\adavance\hwhm\ArkTS\entry\hvigorfile.ts
[2026-01-21T15:45:25.975] [DEBUG] debug-file - hvigorfile, resolve hvigorfile dependencies in 17 ms 
[2026-01-21T15:45:25.976] [DEBUG] debug-file - project has submodules:entry
[2026-01-21T15:45:25.977] [DEBUG] debug-file - start to load updatedOhPackageInfo to the disk
[2026-01-21T15:45:25.980] [DEBUG] debug-file - load to the disk finished
[2026-01-21T15:45:25.980] [DEBUG] debug-file - Start to initialize dependency information.
[2026-01-21T15:45:25.984] [DEBUG] debug-file - Module ArkTS Collected Dependency: 
[2026-01-21T15:45:25.984] [DEBUG] debug-file - Module ArkTS's total dependency: 0
[2026-01-21T15:45:25.985] [DEBUG] debug-file - Start to initialize dependency information.
[2026-01-21T15:45:25.987] [DEBUG] debug-file - Module entry Collected Dependency: 
[2026-01-21T15:45:25.987] [DEBUG] debug-file - Module entry's total dependency: 0
[2026-01-21T15:45:25.988] [DEBUG] debug-file - Configuration phase cost:86 ms 
[2026-01-21T15:45:25.990] [DEBUG] debug-file - Configuration task cost before running: 91 ms 
[2026-01-21T15:45:25.998] [DEBUG] debug-file - Executing task :entry:default@PreBuild
[2026-01-21T15:45:26.000] [DEBUG] debug-file - Task 'entry:default@PreBuild' cost while wrapping incremental declarations: 1 ms 
[2026-01-21T15:45:26.179] [DEBUG] debug-file - current product is not Atomic service.
[2026-01-21T15:45:26.180] [DEBUG] debug-file - Use tool [win32: JAVA_HOME, CLASSPATH]
 [
  { JAVA_HOME: 'D:\\sw\\DevEco Studio\\jbr' },
  { CLASSPATH: undefined }
]
[2026-01-21T15:45:26.180] [DEBUG] debug-file - Use tool [win32: NODE_HOME]
 [ { NODE_HOME: 'D:\\sw\\DevEco Studio\\tools\\node' } ]
[2026-01-21T15:45:26.181] [DEBUG] debug-file - entry : default@PreBuild cost memory 8.637458801269531
[2026-01-21T15:45:26.181] [DEBUG] debug-file - runTaskFromQueue task cost before running: 281 ms 
[2026-01-21T15:45:26.182] [INFO] debug-file - Finished :entry:default@PreBuild... after 183 ms 
[2026-01-21T15:45:26.183] [DEBUG] debug-file - Executing task :entry:default@CreateModuleInfo
[2026-01-21T15:45:26.184] [DEBUG] debug-file - Task 'entry:default@CreateModuleInfo' cost while wrapping incremental declarations: 1 ms 
[2026-01-21T15:45:26.184] [DEBUG] debug-file - entry : default@CreateModuleInfo cost memory 0.04225921630859375
[2026-01-21T15:45:26.184] [DEBUG] debug-file - runTaskFromQueue task cost before running: 285 ms 
[2026-01-21T15:45:26.185] [INFO] debug-file - Finished :entry:default@CreateModuleInfo... after 2 ms 
[2026-01-21T15:45:26.186] [DEBUG] debug-file - Executing task :entry:default@MergeProfile
[2026-01-21T15:45:26.187] [DEBUG] debug-file - Task 'entry:default@MergeProfile' cost while wrapping incremental declarations: 1 ms 
[2026-01-21T15:45:26.187] [DEBUG] debug-file - Change app api release type with 'Beta1'
[2026-01-21T15:45:26.188] [DEBUG] debug-file - Change app compile API version with '6.0.2.129'
[2026-01-21T15:45:26.188] [DEBUG] debug-file - Change app target API version with '50101019'
[2026-01-21T15:45:26.188] [DEBUG] debug-file - Change app minimum API version with '50101019'
[2026-01-21T15:45:26.188] [DEBUG] debug-file - Use cli appEnvironment
[2026-01-21T15:45:26.190] [DEBUG] debug-file - entry : default@MergeProfile cost memory 0.16324615478515625
[2026-01-21T15:45:26.190] [DEBUG] debug-file - runTaskFromQueue task cost before running: 291 ms 
[2026-01-21T15:45:26.191] [INFO] debug-file - Finished :entry:default@MergeProfile... after 5 ms 
[2026-01-21T15:45:26.192] [DEBUG] debug-file - Executing task :entry:default@CreateBuildProfile
[2026-01-21T15:45:26.193] [DEBUG] debug-file - Task 'entry:default@CreateBuildProfile' cost while wrapping incremental declarations: 1 ms 
[2026-01-21T15:45:26.194] [DEBUG] debug-file - entry : default@CreateBuildProfile cost memory 0.0588531494140625
[2026-01-21T15:45:26.194] [DEBUG] debug-file - runTaskFromQueue task cost before running: 295 ms 
[2026-01-21T15:45:26.195] [INFO] debug-file - Finished :entry:default@CreateBuildProfile... after 3 ms 
[2026-01-21T15:45:26.196] [DEBUG] debug-file - Executing task :entry:default@PreCheckSyscap
[2026-01-21T15:45:26.196] [DEBUG] debug-file - entry : default@PreCheckSyscap cost memory 0.01471710205078125
[2026-01-21T15:45:26.196] [DEBUG] debug-file - runTaskFromQueue task cost before running: 297 ms 
[2026-01-21T15:45:26.196] [INFO] debug-file - Finished :entry:default@PreCheckSyscap... after 1 ms 
[2026-01-21T15:45:26.198] [DEBUG] debug-file - Executing task :entry:default@GeneratePkgContextInfo
[2026-01-21T15:45:26.204] [DEBUG] debug-file - Task 'entry:default@GeneratePkgContextInfo' cost while wrapping incremental declarations: 1 ms 
[2026-01-21T15:45:26.205] [DEBUG] debug-file - entry : default@GeneratePkgContextInfo cost memory 0.5194778442382812
[2026-01-21T15:45:26.206] [DEBUG] debug-file - runTaskFromQueue task cost before running: 307 ms 
[2026-01-21T15:45:26.207] [INFO] debug-file - Finished :entry:default@GeneratePkgContextInfo... after 8 ms 
[2026-01-21T15:45:26.209] [DEBUG] debug-file - Executing task :entry:default@ProcessProfile
[2026-01-21T15:45:26.211] [DEBUG] debug-file - Task 'entry:default@ProcessProfile' cost while wrapping incremental declarations: 1 ms 
[2026-01-21T15:45:26.213] [DEBUG] debug-file - [
  'D:\\sw\\DevEco Studio\\tools\\node\\node.exe',
  'D:\\sw\\DevEco Studio\\sdk\\default\\openharmony\\ets\\build-tools\\ets-loader\\bin\\ark\\ts2abc.js',
  '--target-api-version',
  '19'
]
[2026-01-21T15:45:26.697] [DEBUG] debug-file - 13.0.1.0
[2026-01-21T15:45:26.699] [DEBUG] debug-file - entry : default@ProcessProfile cost memory 1.9766693115234375
[2026-01-21T15:45:26.699] [DEBUG] debug-file - runTaskFromQueue task cost before running: 800 ms 
[2026-01-21T15:45:26.700] [INFO] debug-file - Finished :entry:default@ProcessProfile... after 491 ms 
[2026-01-21T15:45:26.701] [DEBUG] debug-file - Executing task :entry:default@ProcessRouterMap
[2026-01-21T15:45:26.706] [DEBUG] debug-file - entry : default@ProcessRouterMap cost memory 0.273162841796875
[2026-01-21T15:45:26.707] [DEBUG] debug-file - runTaskFromQueue task cost before running: 807 ms 
[2026-01-21T15:45:26.708] [INFO] debug-file - Finished :entry:default@ProcessRouterMap... after 6 ms 
[2026-01-21T15:45:26.709] [DEBUG] debug-file - Executing task :entry:default@ProcessShareConfig
[2026-01-21T15:45:26.711] [DEBUG] debug-file - entry : default@ProcessShareConfig cost memory 0.0677642822265625
[2026-01-21T15:45:26.712] [DEBUG] debug-file - runTaskFromQueue task cost before running: 812 ms 
[2026-01-21T15:45:26.712] [INFO] debug-file - Finished :entry:default@ProcessShareConfig... after 3 ms 
[2026-01-21T15:45:26.713] [DEBUG] debug-file - Executing task :entry:default@ProcessStartupConfig
[2026-01-21T15:45:26.713] [DEBUG] debug-file - Task 'entry:default@ProcessStartupConfig' cost while wrapping incremental declarations: 1 ms 
[2026-01-21T15:45:26.715] [DEBUG] debug-file - entry : default@ProcessStartupConfig cost memory 0.08514404296875
[2026-01-21T15:45:26.715] [DEBUG] debug-file - runTaskFromQueue task cost before running: 816 ms 
[2026-01-21T15:45:26.715] [INFO] debug-file - Finished :entry:default@ProcessStartupConfig... after 2 ms 
[2026-01-21T15:45:26.716] [DEBUG] debug-file - restool module names: entry; moduleName=entry, taskName=default@PreviewProcessResource
[2026-01-21T15:45:26.717] [DEBUG] debug-file - Executing task :entry:default@PreviewProcessResource
[2026-01-21T15:45:26.718] [DEBUG] debug-file - Task 'entry:default@PreviewProcessResource' cost while wrapping incremental declarations: 1 ms 
[2026-01-21T15:45:26.718] [DEBUG] debug-file - entry : default@PreviewProcessResource cost memory 0.04998779296875
[2026-01-21T15:45:26.718] [DEBUG] debug-file - runTaskFromQueue task cost before running: 819 ms 
[2026-01-21T15:45:26.719] [INFO] debug-file - Finished :entry:default@PreviewProcessResource... after 2 ms 
[2026-01-21T15:45:26.721] [DEBUG] debug-file - Executing task :entry:default@GenerateLoaderJson
[2026-01-21T15:45:26.723] [DEBUG] debug-file - Task 'entry:default@GenerateLoaderJson' cost while wrapping incremental declarations: 1 ms 
[2026-01-21T15:45:26.731] [DEBUG] debug-file - entry : default@GenerateLoaderJson cost memory -10.99652099609375
[2026-01-21T15:45:26.731] [DEBUG] debug-file - runTaskFromQueue task cost before running: 832 ms 
[2026-01-21T15:45:26.733] [INFO] debug-file - Finished :entry:default@GenerateLoaderJson... after 11 ms 
[2026-01-21T15:45:26.734] [DEBUG] debug-file - restool module names: entry; moduleName=entry, taskName=default@PreviewCompileResource
[2026-01-21T15:45:26.734] [DEBUG] debug-file - Executing task :entry:default@PreviewCompileResource
[2026-01-21T15:45:26.738] [DEBUG] debug-file - Use tool [D:\sw\DevEco Studio\sdk\default\openharmony\toolchains\restool.exe]
 [
  'D:\\sw\\DevEco Studio\\sdk\\default\\openharmony\\toolchains\\restool.exe',
  '-x',
  'D:\\adavance\\hwhm\\ArkTS\\AppScope\\resources',
  '-o',
  'D:\\adavance\\hwhm\\ArkTS\\entry\\.preview\\default\\intermediates\\res\\default\\app_compiled'
]
[2026-01-21T15:45:26.739] [DEBUG] debug-file - current process  memoryUsage: {
  rss: 225308672,
  heapTotal: 172539904,
  heapUsed: 138913320,
  external: 3152204,
  arrayBuffers: 119949
} os memoryUsage :14.850242614746094
[2026-01-21T15:45:27.040] [DEBUG] debug-file - Info: restool resources compile success.

[2026-01-21T15:45:27.045] [DEBUG] debug-file - Use tool [D:\sw\DevEco Studio\sdk\default\openharmony\toolchains\restool.exe]
 [
  'D:\\sw\\DevEco Studio\\sdk\\default\\openharmony\\toolchains\\restool.exe',
  '-x',
  'D:\\adavance\\hwhm\\ArkTS\\entry\\src\\main\\resources',
  '-o',
  'D:\\adavance\\hwhm\\ArkTS\\entry\\.preview\\default\\intermediates\\res\\default\\module_compiled'
]
[2026-01-21T15:45:27.045] [DEBUG] debug-file - current process  memoryUsage: {
  rss: 225345536,
  heapTotal: 172539904,
  heapUsed: 139072072,
  external: 3152330,
  arrayBuffers: 120090
} os memoryUsage :14.836898803710938
[2026-01-21T15:45:27.214] [DEBUG] debug-file - Info: restool resources compile success.

[2026-01-21T15:45:27.221] [DEBUG] debug-file - Use tool [D:\sw\DevEco Studio\sdk\default\openharmony\toolchains\restool.exe]
 [
  'D:\\sw\\DevEco Studio\\sdk\\default\\openharmony\\toolchains\\restool.exe',
  '-m',
  'entry',
  '-f',
  '-j',
  'D:\\adavance\\hwhm\\ArkTS\\entry\\.preview\\default\\intermediates\\process_profile\\default\\module.json',
  '-p',
  'c***n',
  '-r',
  'D:\\adavance\\hwhm\\ArkTS\\entry\\.preview\\default\\generated\\r\\default\\ResourceTable.h',
  '-z',
  '--ids',
  'D:\\adavance\\hwhm\\ArkTS\\entry\\.preview\\default\\intermediates\\res\\default\\ids_map',
  '-i',
  'D:\\adavance\\hwhm\\ArkTS\\entry\\.preview\\default\\intermediates\\res\\default\\app_compiled',
  '-i',
  'D:\\adavance\\hwhm\\ArkTS\\entry\\.preview\\default\\intermediates\\res\\default\\module_compiled',
  '-o',
  'D:\\adavance\\hwhm\\ArkTS\\entry\\.preview\\default\\intermediates\\res\\default',
  '--defined-sysids',
  'D:\\sw\\DevEco Studio\\sdk\\default\\hms\\toolchains\\id_defined.json'
]
[2026-01-21T15:45:27.222] [DEBUG] debug-file - current process  memoryUsage: {
  rss: 225357824,
  heapTotal: 172539904,
  heapUsed: 139244896,
  external: 3152456,
  arrayBuffers: 121018
} os memoryUsage :14.831851959228516
[2026-01-21T15:45:27.386] [DEBUG] debug-file - Info: hardware concurrency count is : 20
Info: thread count is : 20

[2026-01-21T15:45:27.386] [DEBUG] debug-file - Info: thread pool is started

[2026-01-21T15:45:27.391] [DEBUG] debug-file - Info: restool resources compile success.

[2026-01-21T15:45:27.391] [DEBUG] debug-file - Info: thread pool is stopped

[2026-01-21T15:45:27.396] [DEBUG] debug-file - entry : default@PreviewCompileResource cost memory 0.6426773071289062
[2026-01-21T15:45:27.397] [DEBUG] debug-file - runTaskFromQueue task cost before running: 1 s 497 ms 
[2026-01-21T15:45:27.397] [INFO] debug-file - Finished :entry:default@PreviewCompileResource... after 663 ms 
[2026-01-21T15:45:27.398] [DEBUG] debug-file - Executing task :entry:default@PreviewHookCompileResource
[2026-01-21T15:45:27.398] [DEBUG] debug-file - entry : default@PreviewHookCompileResource cost memory 0.0153656005859375
[2026-01-21T15:45:27.398] [DEBUG] debug-file - runTaskFromQueue task cost before running: 1 s 499 ms 
[2026-01-21T15:45:27.399] [INFO] debug-file - Finished :entry:default@PreviewHookCompileResource... after 1 ms 
[2026-01-21T15:45:27.399] [DEBUG] debug-file - Executing task :entry:default@CopyPreviewProfile
[2026-01-21T15:45:27.405] [DEBUG] debug-file - entry : default@CopyPreviewProfile cost memory 0.15912628173828125
[2026-01-21T15:45:27.405] [DEBUG] debug-file - runTaskFromQueue task cost before running: 1 s 506 ms 
[2026-01-21T15:45:27.405] [INFO] debug-file - Finished :entry:default@CopyPreviewProfile... after 6 ms 
[2026-01-21T15:45:27.406] [DEBUG] debug-file - Executing task :entry:default@ReplacePreviewerPage
[2026-01-21T15:45:27.406] [DEBUG] debug-file - entry : default@ReplacePreviewerPage cost memory 0.04648590087890625
[2026-01-21T15:45:27.407] [DEBUG] debug-file - runTaskFromQueue task cost before running: 1 s 507 ms 
[2026-01-21T15:45:27.407] [INFO] debug-file - Finished :entry:default@ReplacePreviewerPage... after 1 ms 
[2026-01-21T15:45:27.407] [DEBUG] debug-file - Executing task :entry:buildPreviewerResource
[2026-01-21T15:45:27.407] [DEBUG] debug-file - entry : buildPreviewerResource cost memory 0.0128936767578125
[2026-01-21T15:45:27.407] [DEBUG] debug-file - runTaskFromQueue task cost before running: 1 s 508 ms 
[2026-01-21T15:45:27.407] [INFO] debug-file - Finished :entry:buildPreviewerResource... after 1 ms 
[2026-01-21T15:45:27.408] [DEBUG] debug-file - Executing task :entry:default@PreviewUpdateAssets
[2026-01-21T15:45:27.410] [DEBUG] debug-file - entry : default@PreviewUpdateAssets cost memory 0.06739044189453125
[2026-01-21T15:45:27.410] [DEBUG] debug-file - runTaskFromQueue task cost before running: 1 s 511 ms 
[2026-01-21T15:45:27.411] [INFO] debug-file - Finished :entry:default@PreviewUpdateAssets... after 3 ms 
[2026-01-21T15:45:27.412] [DEBUG] debug-file - Executing task :entry:default@PreviewArkTS
[2026-01-21T15:45:27.413] [DEBUG] debug-file - obfuscationOptions: undefined
[2026-01-21T15:45:27.414] [DEBUG] debug-file - Task 'entry:default@PreviewArkTS' cost while wrapping incremental declarations: 1 ms 
[2026-01-21T15:45:27.435] [DEBUG] debug-file - No watchWorker available for preview
[2026-01-21T15:45:27.435] [DEBUG] debug-file - Can not reuse worker, create new worker for preview
[2026-01-21T15:45:27.436] [DEBUG] debug-file - session manager: binding session. socketId=2uVcOCPv1kHFlRQxAAAD, threadId=1@1.
[2026-01-21T15:45:27.437] [DEBUG] debug-file - entry : default@PreviewArkTS cost memory 2.0430450439453125
[2026-01-21T15:45:47.913] [DEBUG] debug-file - watch worker: send response to session manager. Response type: WatchStart
[2026-01-21T15:45:47.914] [DEBUG] debug-file - session manager: watch message received from worker 1. Type: WatchStart
[2026-01-21T15:45:52.663] [DEBUG] debug-file - watch worker: send response to session manager. Response type: WatchLog
[2026-01-21T15:45:52.664] [DEBUG] debug-file - session manager: watch message received from worker 1. Type: WatchLog
[2026-01-21T15:45:52.663] [DEBUG] debug-file - watch worker: send response to session manager. Response type: WatchLog
[2026-01-21T15:45:52.665] [DEBUG] debug-file - session manager: watch message received from worker 1. Type: WatchLog
[2026-01-21T15:45:52.663] [DEBUG] debug-file - watch worker: send response to session manager. Response type: WatchLog
[2026-01-21T15:45:52.666] [DEBUG] debug-file - session manager: watch message received from worker 1. Type: WatchLog
[2026-01-21T15:45:52.663] [DEBUG] debug-file - watch worker: send response to session manager. Response type: WatchLog
[2026-01-21T15:45:52.666] [DEBUG] debug-file - session manager: watch message received from worker 1. Type: WatchLog
[2026-01-21T15:45:52.663] [DEBUG] debug-file - watch worker: send response to session manager. Response type: WatchLog
[2026-01-21T15:45:52.667] [DEBUG] debug-file - session manager: watch message received from worker 1. Type: WatchLog
[2026-01-21T15:45:52.663] [DEBUG] debug-file - watch worker: send response to session manager. Response type: WatchLog
[2026-01-21T15:45:52.668] [DEBUG] debug-file - session manager: watch message received from worker 1. Type: WatchLog
[2026-01-21T15:45:52.663] [DEBUG] debug-file - watch worker: send response to session manager. Response type: WatchLog
[2026-01-21T15:45:52.669] [DEBUG] debug-file - session manager: watch message received from worker 1. Type: WatchLog
[2026-01-21T15:45:52.663] [DEBUG] debug-file - watch worker: send response to session manager. Response type: WatchLog
[2026-01-21T15:45:52.669] [DEBUG] debug-file - session manager: watch message received from worker 1. Type: WatchLog
[2026-01-21T15:45:52.663] [DEBUG] debug-file - watch worker: send response to session manager. Response type: WatchLog
[2026-01-21T15:45:52.670] [DEBUG] debug-file - session manager: watch message received from worker 1. Type: WatchLog
[2026-01-21T15:45:52.663] [DEBUG] debug-file - watch worker: send response to session manager. Response type: WatchLog
[2026-01-21T15:45:52.671] [DEBUG] debug-file - session manager: watch message received from worker 1. Type: WatchLog
[2026-01-21T15:45:52.664] [DEBUG] debug-file - watch worker: send response to session manager. Response type: WatchLog
[2026-01-21T15:45:52.672] [DEBUG] debug-file - session manager: watch message received from worker 1. Type: WatchLog
[2026-01-21T15:45:52.664] [DEBUG] debug-file - watch worker: send response to session manager. Response type: WatchLog
[2026-01-21T15:45:52.672] [DEBUG] debug-file - session manager: watch message received from worker 1. Type: WatchLog
[2026-01-21T15:45:52.664] [DEBUG] debug-file - watch worker: send response to session manager. Response type: WatchLog
[2026-01-21T15:45:52.673] [DEBUG] debug-file - session manager: watch message received from worker 1. Type: WatchLog
[2026-01-21T15:45:52.664] [DEBUG] debug-file - watch worker: send response to session manager. Response type: WatchLog
[2026-01-21T15:45:52.674] [DEBUG] debug-file - session manager: watch message received from worker 1. Type: WatchLog
[2026-01-21T15:45:52.664] [DEBUG] debug-file - watch worker: send response to session manager. Response type: WatchLog
[2026-01-21T15:45:52.675] [DEBUG] debug-file - session manager: watch message received from worker 1. Type: WatchLog
[2026-01-21T15:45:52.664] [DEBUG] debug-file - watch worker: send response to session manager. Response type: WatchLog
[2026-01-21T15:45:52.675] [DEBUG] debug-file - session manager: watch message received from worker 1. Type: WatchLog
[2026-01-21T15:45:52.664] [DEBUG] debug-file - watch worker: send response to session manager. Response type: WatchLog
[2026-01-21T15:45:52.676] [DEBUG] debug-file - session manager: watch message received from worker 1. Type: WatchLog
[2026-01-21T15:45:52.664] [DEBUG] debug-file - watch worker: send response to session manager. Response type: WatchLog
[2026-01-21T15:45:52.677] [DEBUG] debug-file - session manager: watch message received from worker 1. Type: WatchLog
[2026-01-21T15:45:52.664] [DEBUG] debug-file - watch worker: send response to session manager. Response type: WatchLog
[2026-01-21T15:45:52.677] [DEBUG] debug-file - session manager: watch message received from worker 1. Type: WatchLog
[2026-01-21T15:45:52.664] [DEBUG] debug-file - watch worker: send response to session manager. Response type: WatchLog
[2026-01-21T15:45:52.678] [DEBUG] debug-file - session manager: watch message received from worker 1. Type: WatchLog
[2026-01-21T15:45:52.664] [DEBUG] debug-file - watch worker: send response to session manager. Response type: WatchLog
[2026-01-21T15:45:52.679] [DEBUG] debug-file - session manager: watch message received from worker 1. Type: WatchLog
[2026-01-21T15:45:52.664] [DEBUG] debug-file - watch worker: send response to session manager. Response type: WatchLog
[2026-01-21T15:45:52.679] [DEBUG] debug-file - session manager: watch message received from worker 1. Type: WatchLog
[2026-01-21T15:45:54.563] [DEBUG] debug-file - watch worker: send response to session manager. Response type: WatchResult
[2026-01-21T15:45:54.564] [DEBUG] debug-file - session manager: watch message received from worker 1. Type: WatchResult
[2026-01-21T15:45:54.565] [DEBUG] debug-file - Ark compile finished.
[2026-01-21T15:45:54.567] [INFO] debug-file - Finished :entry:default@PreviewArkTS... after 27 s 154 ms 
[2026-01-21T15:45:54.567] [DEBUG] debug-file - Executing task :entry:PreviewBuild
[2026-01-21T15:45:54.567] [DEBUG] debug-file - entry : PreviewBuild cost memory 0.012664794921875
[2026-01-21T15:45:54.567] [DEBUG] debug-file - runTaskFromQueue task cost before running: 28 s 668 ms 
[2026-01-21T15:45:54.567] [INFO] debug-file - Finished :entry:PreviewBuild... after 1 ms 
[2026-01-21T15:45:54.575] [INFO] debug-file - BUILD SUCCESSFUL in 28 s 676 ms 
[2026-01-21T15:45:54.576] [DEBUG] debug-file - Update task entry:default@PreBuild input file:D:\adavance\hwhm\ArkTS\AppScope\app.json5 cache by regenerate.
[2026-01-21T15:45:54.577] [DEBUG] debug-file - Update task entry:default@PreBuild input file:D:\adavance\hwhm\ArkTS\entry\src\main\module.json5 cache by regenerate.
[2026-01-21T15:45:54.577] [DEBUG] debug-file - Update task entry:default@PreBuild input file:D:\adavance\hwhm\ArkTS\build-profile.json5 cache by regenerate.
[2026-01-21T15:45:54.577] [DEBUG] debug-file - Update task entry:default@PreBuild input file:D:\adavance\hwhm\ArkTS\entry\build-profile.json5 cache by regenerate.
[2026-01-21T15:45:54.577] [DEBUG] debug-file - Update task entry:default@PreBuild input file:D:\adavance\hwhm\ArkTS\entry\src\main\resources\base\profile\route_map.json cache by regenerate.
[2026-01-21T15:45:54.577] [DEBUG] debug-file - Update task entry:default@PreBuild input file:D:\adavance\hwhm\ArkTS\entry\src\main\resources\base\profile\main_pages.json cache by regenerate.
[2026-01-21T15:45:54.577] [DEBUG] debug-file - Update task entry:default@PreBuild input file:D:\adavance\hwhm\ArkTS\hvigor\hvigor-config.json5 cache by regenerate.
[2026-01-21T15:45:54.577] [DEBUG] debug-file - Update task entry:default@PreBuild input file:D:\adavance\hwhm\ArkTS\entry\src\mock\mock-config.json5 cache by regenerate.
[2026-01-21T15:45:54.578] [DEBUG] debug-file - Update task entry:default@PreBuild input file:D:\adavance\hwhm\ArkTS\entry\oh-package.json5 cache by regenerate.
[2026-01-21T15:45:54.578] [DEBUG] debug-file - Update task entry:default@PreBuild input file:D:\adavance\hwhm\ArkTS\oh-package.json5 cache by regenerate.
[2026-01-21T15:45:54.578] [DEBUG] debug-file - Incremental task entry:default@PreBuild post-execution cost:3 ms .
[2026-01-21T15:45:54.579] [DEBUG] debug-file - Update task entry:default@CreateModuleInfo output file:D:\adavance\hwhm\ArkTS\entry\.preview\default\generated\profile\default\ModuleInfo.ts cache.
[2026-01-21T15:45:54.579] [DEBUG] debug-file - Incremental task entry:default@CreateModuleInfo post-execution cost:1 ms .
[2026-01-21T15:45:54.579] [DEBUG] debug-file - Update task entry:default@MergeProfile input file:D:\adavance\hwhm\ArkTS\AppScope\app.json5 cache by regenerate.
[2026-01-21T15:45:54.579] [DEBUG] debug-file - Update task entry:default@MergeProfile input file:D:\adavance\hwhm\ArkTS\build-profile.json5 cache by regenerate.
[2026-01-21T15:45:54.579] [DEBUG] debug-file - Update task entry:default@MergeProfile input file:D:\adavance\hwhm\ArkTS\entry\src\main\module.json5 cache by regenerate.
[2026-01-21T15:45:54.579] [DEBUG] debug-file - Update task entry:default@MergeProfile output file:D:\adavance\hwhm\ArkTS\entry\.preview\default\intermediates\merge_profile\default\module.json cache.
[2026-01-21T15:45:54.580] [DEBUG] debug-file - Incremental task entry:default@MergeProfile post-execution cost:1 ms .
[2026-01-21T15:45:54.580] [DEBUG] debug-file - Update task entry:default@CreateBuildProfile input file:D:\adavance\hwhm\ArkTS\AppScope\app.json5 cache by regenerate.
[2026-01-21T15:45:54.580] [DEBUG] debug-file - Update task entry:default@CreateBuildProfile input file:D:\adavance\hwhm\ArkTS\build-profile.json5 cache by regenerate.
[2026-01-21T15:45:54.580] [DEBUG] debug-file - Update task entry:default@CreateBuildProfile output file:D:\adavance\hwhm\ArkTS\entry\.preview\default\generated\profile\default\BuildProfile.ets cache.
[2026-01-21T15:45:54.580] [DEBUG] debug-file - Incremental task entry:default@CreateBuildProfile post-execution cost:1 ms .
[2026-01-21T15:45:54.580] [DEBUG] debug-file - Update task entry:default@GeneratePkgContextInfo output file:D:\adavance\hwhm\ArkTS\entry\.preview\default\intermediates\loader\default\pkgContextInfo.json cache.
[2026-01-21T15:45:54.580] [DEBUG] debug-file - Incremental task entry:default@GeneratePkgContextInfo post-execution cost:1 ms .
[2026-01-21T15:45:54.580] [DEBUG] debug-file - Update task entry:default@ProcessProfile input file:D:\adavance\hwhm\ArkTS\entry\.preview\default\intermediates\merge_profile\default\module.json cache by regenerate.
[2026-01-21T15:45:54.580] [DEBUG] debug-file - Update task entry:default@ProcessProfile output file:D:\adavance\hwhm\ArkTS\entry\.preview\default\intermediates\process_profile\default\module.json cache.
[2026-01-21T15:45:54.580] [DEBUG] debug-file - Incremental task entry:default@ProcessProfile post-execution cost:1 ms .
[2026-01-21T15:45:54.581] [DEBUG] debug-file - Update task entry:default@ProcessRouterMap input file:D:\adavance\hwhm\ArkTS\entry\oh-package.json5 cache by regenerate.
[2026-01-21T15:45:54.581] [DEBUG] debug-file - Update task entry:default@ProcessRouterMap input file:D:\adavance\hwhm\ArkTS\oh-package.json5 cache by regenerate.
[2026-01-21T15:45:54.581] [DEBUG] debug-file - Update task entry:default@ProcessRouterMap input file:D:\adavance\hwhm\ArkTS\entry\src\main\module.json5 cache by regenerate.
[2026-01-21T15:45:54.581] [DEBUG] debug-file - Update task entry:default@ProcessRouterMap input file:D:\adavance\hwhm\ArkTS\entry\src\main\resources\base\profile\route_map.json cache by regenerate.
[2026-01-21T15:45:54.581] [DEBUG] debug-file - Update task entry:default@ProcessRouterMap input file:D:\adavance\hwhm\ArkTS\entry\.preview\default\intermediates\loader\default\pkgContextInfo.json cache by regenerate.
[2026-01-21T15:45:54.581] [DEBUG] debug-file - Update task entry:default@ProcessRouterMap output file:D:\adavance\hwhm\ArkTS\entry\.preview\default\intermediates\router_map\default\route_map.json cache.
[2026-01-21T15:45:54.581] [DEBUG] debug-file - Update task entry:default@ProcessRouterMap output file:D:\adavance\hwhm\ArkTS\entry\.preview\default\intermediates\router_map\default\loader-router-map.json cache.
[2026-01-21T15:45:54.581] [DEBUG] debug-file - Incremental task entry:default@ProcessRouterMap post-execution cost:1 ms .
[2026-01-21T15:45:54.581] [DEBUG] debug-file - Update task entry:default@ProcessShareConfig input file:D:\adavance\hwhm\ArkTS\entry\oh-package.json5 cache by regenerate.
[2026-01-21T15:45:54.581] [DEBUG] debug-file - Update task entry:default@ProcessShareConfig input file:D:\adavance\hwhm\ArkTS\oh-package.json5 cache by regenerate.
[2026-01-21T15:45:54.582] [DEBUG] debug-file - Update task entry:default@ProcessShareConfig input file:D:\adavance\hwhm\ArkTS\entry\src\main\module.json5 cache by regenerate.
[2026-01-21T15:45:54.582] [DEBUG] debug-file - Update task entry:default@ProcessShareConfig input file:D:\adavance\hwhm\ArkTS\entry\.preview\default\intermediates\loader\default\pkgContextInfo.json cache by regenerate.
[2026-01-21T15:45:54.582] [DEBUG] debug-file - Update task entry:default@ProcessShareConfig output file:D:\adavance\hwhm\ArkTS\entry\.preview\default\intermediates\share_config\default\temp-share-config.json cache.
[2026-01-21T15:45:54.582] [DEBUG] debug-file - Incremental task entry:default@ProcessShareConfig post-execution cost:1 ms .
[2026-01-21T15:45:54.582] [DEBUG] debug-file - Update task entry:default@ProcessStartupConfig input file:D:\adavance\hwhm\ArkTS\entry\.preview\default\intermediates\loader\default\pkgContextInfo.json cache by regenerate.
[2026-01-21T15:45:54.582] [DEBUG] debug-file - Update task entry:default@ProcessStartupConfig output file:D:\adavance\hwhm\ArkTS\entry\.preview\default\intermediates\startup\default\startup_config.json cache.
[2026-01-21T15:45:54.582] [DEBUG] debug-file - Incremental task entry:default@ProcessStartupConfig post-execution cost:1 ms .
[2026-01-21T15:45:54.583] [DEBUG] debug-file - Update task entry:default@GenerateLoaderJson input file:D:\adavance\hwhm\ArkTS\entry\src\mock\mock-config.json5 cache by regenerate.
[2026-01-21T15:45:54.583] [DEBUG] debug-file - Update task entry:default@GenerateLoaderJson input file:D:\adavance\hwhm\ArkTS\entry\.preview\default\intermediates\loader\default\pkgContextInfo.json cache by regenerate.
[2026-01-21T15:45:54.583] [DEBUG] debug-file - Update task entry:default@GenerateLoaderJson input file:D:\adavance\hwhm\ArkTS\entry\.preview\default\intermediates\router_map\default\loader-router-map.json cache by regenerate.
[2026-01-21T15:45:54.583] [DEBUG] debug-file - Update task entry:default@GenerateLoaderJson input file:D:\adavance\hwhm\ArkTS\entry\.preview\default\intermediates\router_map\default\route_map.json cache by regenerate.
[2026-01-21T15:45:54.583] [DEBUG] debug-file - Update task entry:default@GenerateLoaderJson output file:D:\adavance\hwhm\ArkTS\entry\.preview\default\intermediates\loader\default\loader.json cache.
[2026-01-21T15:45:54.583] [DEBUG] debug-file - Incremental task entry:default@GenerateLoaderJson post-execution cost:2 ms .
[2026-01-21T15:45:54.584] [DEBUG] debug-file - Update task entry:default@PreviewCompileResource input file:D:\adavance\hwhm\ArkTS\entry\src\main\resources cache by regenerate.
[2026-01-21T15:45:54.587] [DEBUG] debug-file - Update task entry:default@PreviewCompileResource input file:D:\adavance\hwhm\ArkTS\entry\.preview\default\intermediates\merge_profile\default\module.json cache by regenerate.
[2026-01-21T15:45:54.587] [DEBUG] debug-file - Update task entry:default@PreviewCompileResource output file:D:\adavance\hwhm\ArkTS\entry\.preview\default\intermediates\res\default cache.
[2026-01-21T15:45:54.591] [DEBUG] debug-file - Update task entry:default@PreviewCompileResource output file:D:\adavance\hwhm\ArkTS\entry\.preview\default\generated\r\default cache.
[2026-01-21T15:45:54.591] [DEBUG] debug-file - Incremental task entry:default@PreviewCompileResource post-execution cost:8 ms .
[2026-01-21T15:45:54.591] [DEBUG] debug-file - Update task entry:default@CopyPreviewProfile input file:D:\adavance\hwhm\ArkTS\entry\src\main\resources\base\profile cache by regenerate.
[2026-01-21T15:45:54.592] [DEBUG] debug-file - Update task entry:default@CopyPreviewProfile output file:D:\adavance\hwhm\ArkTS\entry\.preview\default\intermediates\res\default\resources\base\profile cache.
[2026-01-21T15:45:54.592] [DEBUG] debug-file - Incremental task entry:default@CopyPreviewProfile post-execution cost:1 ms .
[2026-01-21T15:45:54.592] [DEBUG] debug-file - Update task entry:default@PreviewUpdateAssets output file:D:\adavance\hwhm\ArkTS\entry\.preview\default\intermediates\res\default\module.json cache.
[2026-01-21T15:45:54.592] [DEBUG] debug-file - Update task entry:default@PreviewUpdateAssets output file:D:\adavance\hwhm\ArkTS\entry\.preview\default\intermediates\res\default\resources\base\profile\main_pages.json cache.
[2026-01-21T15:45:54.593] [DEBUG] debug-file - Incremental task entry:default@PreviewUpdateAssets post-execution cost:1 ms .
[2026-01-21T15:45:54.593] [DEBUG] debug-file - Update task entry:default@PreviewArkTS input file:D:\adavance\hwhm\ArkTS\entry\.preview\default\intermediates\loader\default cache by regenerate.
[2026-01-21T15:45:54.593] [DEBUG] debug-file - Update task entry:default@PreviewArkTS input file:D:\adavance\hwhm\ArkTS\entry\.preview\default\intermediates\res\default\ResourceTable.txt cache by regenerate.
[2026-01-21T15:45:54.594] [DEBUG] debug-file - Update task entry:default@PreviewArkTS input file:D:\adavance\hwhm\ArkTS\entry\.preview\default\intermediates\process_profile\default\module.json cache by regenerate.
[2026-01-21T15:45:54.594] [DEBUG] debug-file - Update task entry:default@PreviewArkTS input file:D:\adavance\hwhm\ArkTS\entry\.preview\default\intermediates\res\default\resources\base\profile cache by regenerate.
[2026-01-21T15:45:54.594] [DEBUG] debug-file - Update task entry:default@PreviewArkTS input file:D:\adavance\hwhm\ArkTS\entry\src\main\ets cache by regenerate.
[2026-01-21T15:45:54.595] [DEBUG] debug-file - Update task entry:default@PreviewArkTS input file:D:\adavance\hwhm\ArkTS\entry\.preview\default\intermediates\loader\default\pkgContextInfo.json cache by regenerate.
[2026-01-21T15:45:54.595] [DEBUG] debug-file - Update task entry:default@PreviewArkTS input file:D:\adavance\hwhm\ArkTS\entry\.preview\default\generated\profile\default\BuildProfile.ets cache by regenerate.
[2026-01-21T15:45:54.595] [DEBUG] debug-file - Update task entry:default@PreviewArkTS input file:D:\adavance\hwhm\ArkTS\entry\src\mock\mock-config.json5 cache by regenerate.
[2026-01-21T15:45:54.595] [DEBUG] debug-file - Update task entry:default@PreviewArkTS output file:D:\adavance\hwhm\ArkTS\entry\.preview\default\intermediates\loader_out\default\ets cache.
[2026-01-21T15:45:54.595] [DEBUG] debug-file - Incremental task entry:default@PreviewArkTS post-execution cost:3 ms .
[2026-01-21T15:45:54.613] [DEBUG] debug-file - There's no busy workers and idle workers need cleanup.
[2026-01-21T15:45:54.613] [DEBUG] debug-file - hvigor build process will be closed.
[2026-01-21T15:46:38.961] [DEBUG] debug-file - session manager: send message to worker process.
[2026-01-21T15:46:38.961] [DEBUG] debug-file - session manager: send message to worker process.
[2026-01-21T15:46:38.994] [DEBUG] debug-file - bad codeSnippet [object Object]
[2026-01-21T15:46:39.013] [DEBUG] debug-file - watch worker: worker is ready to be terminated.
[2026-01-21T15:46:39.015] [DEBUG] debug-file - Server currently has 0 watch-worker
[2026-01-21T15:51:57.921] [DEBUG] debug-file - session manager: set active socket. socketId=5logcXT_Pjbjan0PAAAF
[2026-01-21T15:51:57.939] [DEBUG] debug-file - watch worker: worker id should be larger than 0. Nothing will be sent to any worker thread.
[2026-01-21T15:51:57.942] [DEBUG] debug-file - Workers' log level updated to INFO
[2026-01-21T15:51:57.946] [DEBUG] debug-file - Hvigor init with startParameters:{
  hvigorfileTypeCheck: false,
  parallelExecution: true,
  incrementalExecution: true,
  printStackTrace: false,
  daemon: true,
  analyze: 0,
  logLevel: Level { level: 20000, levelStr: 'INFO', colour: 'green' },
  optimizationStrategy: 'memory',
  hotCompile: undefined,
  hotReloadBuild: undefined,
  customizedParam: undefined
}
[2026-01-21T15:51:57.949] [DEBUG] debug-file - Cache service initialization finished in 3 ms 
[2026-01-21T15:51:57.949] [DEBUG] debug-file - hvigorfile, resolving D:\adavance\hwhm\ArkTS\hvigorfile.ts
[2026-01-21T15:51:57.956] [DEBUG] debug-file - hvigorfile, require result:  { default: { plugins: [] } }
[2026-01-21T15:51:57.956] [DEBUG] debug-file - hvigorfile, binding system plugins null
[2026-01-21T15:51:57.957] [DEBUG] debug-file - Starting plugin build process
[2026-01-21T15:51:57.957] [DEBUG] debug-file - App plugin prepare start...
[2026-01-21T15:51:57.957] [DEBUG] debug-file - App plugin prepare end...
[2026-01-21T15:51:57.957] [DEBUG] debug-file - App plugin creating...
[2026-01-21T15:51:57.962] [DEBUG] debug-file - App plugin register hook start...
[2026-01-21T15:51:57.962] [DEBUG] debug-file - App plugin register hook end...
[2026-01-21T15:51:57.962] [DEBUG] debug-file - Plugin build process completed
[2026-01-21T15:51:57.962] [DEBUG] debug-file - Start initialize project's product build option map with build mode debug.
[2026-01-21T15:51:57.962] [DEBUG] debug-file - Picking option from product 'default' with build mode 'debug'.
[2026-01-21T15:51:57.962] [DEBUG] debug-file - Product 'default' build option initialized
[2026-01-21T15:51:57.962] [DEBUG] debug-file - End initialize project's product build option map with build mode 'debug'.
[2026-01-21T15:51:57.963] [DEBUG] debug-file - Obtain build option for product 'default'in this build.
[2026-01-21T15:51:57.965] [DEBUG] debug-file - No signingConfig found, initRemoteHspCache failed.
[2026-01-21T15:51:57.967] [DEBUG] debug-file - Start recording SDK configuration permission data.
[2026-01-21T15:51:57.994] [DEBUG] debug-file - Sdk init in 29 ms 
[2026-01-21T15:51:57.997] [DEBUG] debug-file - Project task initialization takes 3 ms 
[2026-01-21T15:51:57.997] [DEBUG] debug-file - hvigorfile, binding custom plugins []
[2026-01-21T15:51:57.997] [DEBUG] debug-file - hvigorfile, no custom plugins were found in D:\adavance\hwhm\ArkTS\hvigorfile.ts
[2026-01-21T15:51:57.997] [DEBUG] debug-file - hvigorfile, resolve finished D:\adavance\hwhm\ArkTS\hvigorfile.ts
[2026-01-21T15:51:57.997] [DEBUG] debug-file - hvigorfile, resolving D:\adavance\hwhm\ArkTS\entry\hvigorfile.ts
[2026-01-21T15:51:58.000] [DEBUG] debug-file - hvigorfile, require result:  { default: { plugins: [] } }
[2026-01-21T15:51:58.000] [DEBUG] debug-file - hvigorfile, binding system plugins null
[2026-01-21T15:51:58.000] [DEBUG] debug-file - Starting plugin build process
[2026-01-21T15:51:58.000] [DEBUG] debug-file - Hap plugin creating...
[2026-01-21T15:51:58.001] [DEBUG] debug-file - failed to load cangjie to dynamically generate schemas: Error: Cannot find module '@ohos/cangjie-build-support/index'
Require stack:
- D:\sw\DevEco Studio\tools\hvigor\hvigor-ohos-plugin\src\plugin\hooks\cangjie-register.js
- D:\sw\DevEco Studio\tools\hvigor\hvigor-ohos-plugin\src\plugin\strategy\stage-init-strategy.js
- D:\sw\DevEco Studio\tools\hvigor\hvigor-ohos-plugin\src\plugin\builder\abstract-plugin-builder.js
- D:\sw\DevEco Studio\tools\hvigor\hvigor-ohos-plugin\src\plugin\builder\app-plugin-builder.js
- D:\sw\DevEco Studio\tools\hvigor\hvigor-ohos-plugin\src\plugin\factory\plugin-factory.js
- D:\sw\DevEco Studio\tools\hvigor\hvigor-ohos-plugin\index.js
- D:\adavance\hwhm\ArkTS\hvigorfile.ts
- D:\sw\DevEco Studio\tools\hvigor\hvigor\src\base\internal\lifecycle\configuration.js
- D:\sw\DevEco Studio\tools\hvigor\hvigor\src\base\boot\index.js
- D:\sw\DevEco Studio\tools\hvigor\hvigor\src\base\daemon\cluster\worker-process-lifecycle.js
- D:\sw\DevEco Studio\tools\hvigor\hvigor\src\base\daemon\process\daemon-process-boot-script.js
[2026-01-21T15:51:58.006] [DEBUG] debug-file - Start initialize module-target build option map, moduleName=entry, buildMode=debug
[2026-01-21T15:51:58.006] [DEBUG] debug-file - Target 'default' config initialized
[2026-01-21T15:51:58.006] [DEBUG] debug-file - Target 'ohosTest' config initialized
[2026-01-21T15:51:58.006] [DEBUG] debug-file - Module 'entry' target 'default' build option initialized
[2026-01-21T15:51:58.006] [DEBUG] debug-file - Module 'entry' target 'ohosTest' build option initialized
[2026-01-21T15:51:58.006] [DEBUG] debug-file - End initialize module-target build option map, moduleName=entry
[2026-01-21T15:51:58.006] [DEBUG] debug-file - Start initialize module-target build option map, moduleName=entry, buildMode=release
[2026-01-21T15:51:58.007] [DEBUG] debug-file - Target 'default' config initialized
[2026-01-21T15:51:58.007] [DEBUG] debug-file - Target 'ohosTest' config initialized
[2026-01-21T15:51:58.007] [DEBUG] debug-file - Module 'entry' target 'default' build option initialized
[2026-01-21T15:51:58.007] [DEBUG] debug-file - Module 'entry' target 'ohosTest' build option initialized
[2026-01-21T15:51:58.007] [DEBUG] debug-file - End initialize module-target build option map, moduleName=entry
[2026-01-21T15:51:58.007] [DEBUG] debug-file - Start initialize module-target build option map, moduleName=entry, buildMode=debug
[2026-01-21T15:51:58.007] [DEBUG] debug-file - Target 'default' config initialized
[2026-01-21T15:51:58.007] [DEBUG] debug-file - Target 'ohosTest' config initialized
[2026-01-21T15:51:58.007] [DEBUG] debug-file - Module 'entry' target 'default' build option initialized
[2026-01-21T15:51:58.007] [DEBUG] debug-file - Module 'entry' target 'ohosTest' build option initialized
[2026-01-21T15:51:58.007] [DEBUG] debug-file - End initialize module-target build option map, moduleName=entry
[2026-01-21T15:51:58.007] [DEBUG] debug-file - Obtain build option for module 'entry' target 'default'in this build.
[2026-01-21T15:51:58.008] [DEBUG] debug-file - Module entry task initialization takes 1 ms 
[2026-01-21T15:51:58.008] [DEBUG] debug-file - Hap plugin register hook start...
[2026-01-21T15:51:58.008] [DEBUG] debug-file - Hap plugin register hook end...
[2026-01-21T15:51:58.008] [DEBUG] debug-file - Plugin build process completed
[2026-01-21T15:51:58.008] [DEBUG] debug-file - hvigorfile, binding custom plugins []
[2026-01-21T15:51:58.008] [DEBUG] debug-file - hvigorfile, no custom plugins were found in D:\adavance\hwhm\ArkTS\entry\hvigorfile.ts
[2026-01-21T15:51:58.008] [DEBUG] debug-file - hvigorfile, resolve finished D:\adavance\hwhm\ArkTS\entry\hvigorfile.ts
[2026-01-21T15:51:58.023] [DEBUG] debug-file - hvigorfile, resolve hvigorfile dependencies in 15 ms 
[2026-01-21T15:51:58.023] [DEBUG] debug-file - project has submodules:entry
[2026-01-21T15:51:58.024] [DEBUG] debug-file - start to load updatedOhPackageInfo to the disk
[2026-01-21T15:51:58.026] [DEBUG] debug-file - load to the disk finished
[2026-01-21T15:51:58.027] [DEBUG] debug-file - Start to initialize dependency information.
[2026-01-21T15:51:58.029] [DEBUG] debug-file - Module ArkTS Collected Dependency: 
[2026-01-21T15:51:58.029] [DEBUG] debug-file - Module ArkTS's total dependency: 0
[2026-01-21T15:51:58.030] [DEBUG] debug-file - Start to initialize dependency information.
[2026-01-21T15:51:58.031] [DEBUG] debug-file - Module entry Collected Dependency: 
[2026-01-21T15:51:58.031] [DEBUG] debug-file - Module entry's total dependency: 0
[2026-01-21T15:51:58.032] [DEBUG] debug-file - Configuration phase cost:83 ms 
[2026-01-21T15:51:58.032] [DEBUG] debug-file - Configuration task cost before running: 90 ms 
[2026-01-21T15:51:58.035] [DEBUG] debug-file - Executing task :entry:default@PreBuild
[2026-01-21T15:51:58.035] [DEBUG] debug-file - Task 'entry:default@PreBuild' cost while wrapping incremental declarations: 1 ms 
[2026-01-21T15:51:58.039] [DEBUG] debug-file - entry:default@PreBuild is not up-to-date, since the task snapshots are different.
[2026-01-21T15:51:58.039] [DEBUG] debug-file - Incremental task entry:default@PreBuild pre-execution cost: 3 ms .
[2026-01-21T15:51:58.042] [DEBUG] debug-file - current product is not Atomic service.
[2026-01-21T15:51:58.043] [DEBUG] debug-file - Use tool [win32: JAVA_HOME, CLASSPATH]
 [
  { JAVA_HOME: 'D:\\sw\\DevEco Studio\\jbr' },
  { CLASSPATH: undefined }
]
[2026-01-21T15:51:58.043] [DEBUG] debug-file - Use tool [win32: NODE_HOME]
 [ { NODE_HOME: 'D:\\sw\\DevEco Studio\\tools\\node' } ]
[2026-01-21T15:51:58.043] [DEBUG] debug-file - entry : default@PreBuild cost memory 0.7527008056640625
[2026-01-21T15:51:58.043] [DEBUG] debug-file - runTaskFromQueue task cost before running: 101 ms 
[2026-01-21T15:51:58.044] [INFO] debug-file - Finished :entry:default@PreBuild... after 9 ms 
[2026-01-21T15:51:58.044] [DEBUG] debug-file - Executing task :entry:default@CreateModuleInfo
[2026-01-21T15:51:58.044] [DEBUG] debug-file - Task 'entry:default@CreateModuleInfo' cost while wrapping incremental declarations: 1 ms 
[2026-01-21T15:51:58.045] [DEBUG] debug-file - entry : default@CreateModuleInfo cost memory 0.042083740234375
[2026-01-21T15:51:58.045] [DEBUG] debug-file - runTaskFromQueue task cost before running: 103 ms 
[2026-01-21T15:51:58.045] [INFO] debug-file - Finished :entry:default@CreateModuleInfo... after 1 ms 
[2026-01-21T15:51:58.046] [DEBUG] debug-file - Executing task :entry:default@GenerateMetadata
[2026-01-21T15:51:58.046] [DEBUG] debug-file - Task 'entry:default@GenerateMetadata' cost while wrapping incremental declarations: 1 ms 
[2026-01-21T15:51:58.048] [DEBUG] debug-file - entry : default@GenerateMetadata cost memory 0.05973052978515625
[2026-01-21T15:51:58.048] [DEBUG] debug-file - runTaskFromQueue task cost before running: 106 ms 
[2026-01-21T15:51:58.048] [INFO] debug-file - Finished :entry:default@GenerateMetadata... after 3 ms 
[2026-01-21T15:51:58.049] [DEBUG] debug-file - Executing task :entry:default@ConfigureCmake
[2026-01-21T15:51:58.049] [DEBUG] debug-file - entry : default@ConfigureCmake cost memory 0.0144805908203125
[2026-01-21T15:51:58.049] [DEBUG] debug-file - runTaskFromQueue task cost before running: 107 ms 
[2026-01-21T15:51:58.049] [INFO] debug-file - Finished :entry:default@ConfigureCmake... after 1 ms 
[2026-01-21T15:51:58.050] [DEBUG] debug-file - Executing task :entry:default@MergeProfile
[2026-01-21T15:51:58.050] [DEBUG] debug-file - Task 'entry:default@MergeProfile' cost while wrapping incremental declarations: 1 ms 
[2026-01-21T15:51:58.050] [DEBUG] debug-file - entry:default@MergeProfile is not up-to-date, since the output file 'D:\adavance\hwhm\ArkTS\entry\build\default\intermediates\merge_profile\default\module.json' does not exist.
[2026-01-21T15:51:58.051] [DEBUG] debug-file - Incremental task entry:default@MergeProfile pre-execution cost: 1 ms .
[2026-01-21T15:51:58.051] [DEBUG] debug-file - Change app api release type with 'Beta1'
[2026-01-21T15:51:58.051] [DEBUG] debug-file - Change app compile API version with '6.0.2.129'
[2026-01-21T15:51:58.051] [DEBUG] debug-file - Change app target API version with '50101019'
[2026-01-21T15:51:58.051] [DEBUG] debug-file - Change app minimum API version with '50101019'
[2026-01-21T15:51:58.051] [DEBUG] debug-file - Use cli appEnvironment
[2026-01-21T15:51:58.052] [DEBUG] debug-file - entry : default@MergeProfile cost memory 0.19924163818359375
[2026-01-21T15:51:58.052] [DEBUG] debug-file - runTaskFromQueue task cost before running: 110 ms 
[2026-01-21T15:51:58.052] [INFO] debug-file - Finished :entry:default@MergeProfile... after 3 ms 
[2026-01-21T15:51:58.053] [DEBUG] debug-file - Executing task :entry:default@CreateBuildProfile
[2026-01-21T15:51:58.053] [DEBUG] debug-file - Task 'entry:default@CreateBuildProfile' cost while wrapping incremental declarations: 1 ms 
[2026-01-21T15:51:58.053] [DEBUG] debug-file - entry:default@CreateBuildProfile is not up-to-date, since the output file 'D:\adavance\hwhm\ArkTS\entry\build\default\generated\profile\default\BuildProfile.ets' does not exist.
[2026-01-21T15:51:58.054] [DEBUG] debug-file - Incremental task entry:default@CreateBuildProfile pre-execution cost: 1 ms .
[2026-01-21T15:51:58.054] [DEBUG] debug-file - entry : default@CreateBuildProfile cost memory 0.0987548828125
[2026-01-21T15:51:58.055] [DEBUG] debug-file - runTaskFromQueue task cost before running: 113 ms 
[2026-01-21T15:51:58.055] [INFO] debug-file - Finished :entry:default@CreateBuildProfile... after 2 ms 
[2026-01-21T15:51:58.055] [DEBUG] debug-file - Executing task :entry:default@PreCheckSyscap
[2026-01-21T15:51:58.056] [DEBUG] debug-file - entry : default@PreCheckSyscap cost memory 0.01477813720703125
[2026-01-21T15:51:58.056] [DEBUG] debug-file - runTaskFromQueue task cost before running: 114 ms 
[2026-01-21T15:51:58.056] [INFO] debug-file - Finished :entry:default@PreCheckSyscap... after 1 ms 
[2026-01-21T15:51:58.057] [DEBUG] debug-file - Executing task :entry:default@GeneratePkgContextInfo
[2026-01-21T15:51:58.059] [DEBUG] debug-file - Task 'entry:default@GeneratePkgContextInfo' cost while wrapping incremental declarations: 1 ms 
[2026-01-21T15:51:58.059] [DEBUG] debug-file - entry:default@GeneratePkgContextInfo is not up-to-date, since the output file 'D:\adavance\hwhm\ArkTS\entry\build\default\intermediates\loader\default\pkgContextInfo.json' does not exist.
[2026-01-21T15:51:58.059] [DEBUG] debug-file - Incremental task entry:default@GeneratePkgContextInfo pre-execution cost: 1 ms .
[2026-01-21T15:51:58.059] [DEBUG] debug-file - entry : default@GeneratePkgContextInfo cost memory 0.20789337158203125
[2026-01-21T15:51:58.059] [DEBUG] debug-file - runTaskFromQueue task cost before running: 117 ms 
[2026-01-21T15:51:58.060] [INFO] debug-file - Finished :entry:default@GeneratePkgContextInfo... after 3 ms 
[2026-01-21T15:51:58.062] [DEBUG] debug-file - Executing task :entry:default@ProcessIntegratedHsp
[2026-01-21T15:51:58.062] [DEBUG] debug-file - entry : default@ProcessIntegratedHsp cost memory 0.0279998779296875
[2026-01-21T15:51:58.063] [DEBUG] debug-file - runTaskFromQueue task cost before running: 121 ms 
[2026-01-21T15:51:58.063] [INFO] debug-file - Finished :entry:default@ProcessIntegratedHsp... after 1 ms 
[2026-01-21T15:51:58.063] [DEBUG] debug-file - Executing task :entry:default@BuildNativeWithCmake
[2026-01-21T15:51:58.064] [DEBUG] debug-file - entry : default@BuildNativeWithCmake cost memory 0.0144805908203125
[2026-01-21T15:51:58.064] [DEBUG] debug-file - runTaskFromQueue task cost before running: 122 ms 
[2026-01-21T15:51:58.064] [INFO] debug-file - Finished :entry:default@BuildNativeWithCmake... after 1 ms 
[2026-01-21T15:51:58.065] [DEBUG] debug-file - Executing task :entry:default@MakePackInfo
[2026-01-21T15:51:58.067] [DEBUG] debug-file - Module Pack Info:  {
  summary: {
    app: { bundleName: 'c***n', bundleType: 'app', version: [Object] },
    modules: [ [Object] ]
  },
  packages: [
    {
      deviceType: [Array],
      moduleType: 'entry',
      deliveryWithInstall: true,
      name: 'entry-default'
    }
  ]
}
[2026-01-21T15:51:58.068] [DEBUG] debug-file - entry : default@MakePackInfo cost memory 0.1148681640625
[2026-01-21T15:51:58.068] [DEBUG] debug-file - runTaskFromQueue task cost before running: 126 ms 
[2026-01-21T15:51:58.068] [INFO] debug-file - Finished :entry:default@MakePackInfo... after 4 ms 
[2026-01-21T15:51:58.069] [DEBUG] debug-file - Executing task :entry:default@SyscapTransform
[2026-01-21T15:51:58.069] [DEBUG] debug-file - File: 'D:\adavance\hwhm\ArkTS\entry\src\main\syscap.json' from 'sysCapJsonPath' is not exists, just ignore.
[2026-01-21T15:51:58.070] [DEBUG] debug-file - Task 'entry:default@SyscapTransform' cost while wrapping incremental declarations: 1 ms 
[2026-01-21T15:51:58.070] [DEBUG] debug-file - entry : default@SyscapTransform cost memory 0.05319976806640625
[2026-01-21T15:51:58.070] [DEBUG] debug-file - runTaskFromQueue task cost before running: 128 ms 
[2026-01-21T15:51:58.071] [INFO] debug-file - Finished :entry:default@SyscapTransform... after 2 ms 
[2026-01-21T15:51:58.071] [DEBUG] debug-file - Executing task :entry:default@ProcessProfile
[2026-01-21T15:51:58.072] [DEBUG] debug-file - Task 'entry:default@ProcessProfile' cost while wrapping incremental declarations: 1 ms 
[2026-01-21T15:51:58.072] [DEBUG] debug-file - entry:default@ProcessProfile is not up-to-date, since the input file 'D:\adavance\hwhm\ArkTS\entry\build\default\intermediates\merge_profile\default\module.json' has been changed.
[2026-01-21T15:51:58.072] [DEBUG] debug-file - Incremental task entry:default@ProcessProfile pre-execution cost: 1 ms .
[2026-01-21T15:51:58.073] [DEBUG] debug-file - [
  'D:\\sw\\DevEco Studio\\tools\\node\\node.exe',
  'D:\\sw\\DevEco Studio\\sdk\\default\\openharmony\\ets\\build-tools\\ets-loader\\bin\\ark\\ts2abc.js',
  '--target-api-version',
  '19'
]
[2026-01-21T15:51:58.144] [DEBUG] debug-file - 13.0.1.0
[2026-01-21T15:51:58.145] [DEBUG] debug-file - No need to add fake ui ability because of not in preview process.
[2026-01-21T15:51:58.146] [DEBUG] debug-file - entry : default@ProcessProfile cost memory 0.39531707763671875
[2026-01-21T15:51:58.146] [DEBUG] debug-file - runTaskFromQueue task cost before running: 204 ms 
[2026-01-21T15:51:58.147] [INFO] debug-file - Finished :entry:default@ProcessProfile... after 75 ms 
[2026-01-21T15:51:58.147] [DEBUG] debug-file - Executing task :entry:default@ProcessRouterMap
[2026-01-21T15:51:58.149] [DEBUG] debug-file - entry:default@ProcessRouterMap is not up-to-date, since the input file 'D:\adavance\hwhm\ArkTS\entry\build\default\intermediates\loader\default\pkgContextInfo.json' has been changed.
[2026-01-21T15:51:58.149] [DEBUG] debug-file - Incremental task entry:default@ProcessRouterMap pre-execution cost: 1 ms .
[2026-01-21T15:51:58.151] [DEBUG] debug-file - entry : default@ProcessRouterMap cost memory 0.5875015258789062
[2026-01-21T15:51:58.152] [DEBUG] debug-file - runTaskFromQueue task cost before running: 209 ms 
[2026-01-21T15:51:58.152] [INFO] debug-file - Finished :entry:default@ProcessRouterMap... after 5 ms 
[2026-01-21T15:51:58.153] [DEBUG] debug-file - Executing task :entry:default@ProcessShareConfig
[2026-01-21T15:51:58.153] [DEBUG] debug-file - entry:default@ProcessShareConfig is not up-to-date, since the input file 'D:\adavance\hwhm\ArkTS\entry\build\default\intermediates\loader\default\pkgContextInfo.json' has been changed.
[2026-01-21T15:51:58.153] [DEBUG] debug-file - Incremental task entry:default@ProcessShareConfig pre-execution cost: 1 ms .
[2026-01-21T15:51:58.155] [DEBUG] debug-file - entry : default@ProcessShareConfig cost memory 0.14237213134765625
[2026-01-21T15:51:58.155] [DEBUG] debug-file - runTaskFromQueue task cost before running: 213 ms 
[2026-01-21T15:51:58.155] [INFO] debug-file - Finished :entry:default@ProcessShareConfig... after 2 ms 
[2026-01-21T15:51:58.156] [DEBUG] debug-file - Executing task :entry:default@ProcessStartupConfig
[2026-01-21T15:51:58.156] [DEBUG] debug-file - Task 'entry:default@ProcessStartupConfig' cost while wrapping incremental declarations: 1 ms 
[2026-01-21T15:51:58.156] [DEBUG] debug-file - entry:default@ProcessStartupConfig is not up-to-date, since the input file 'D:\adavance\hwhm\ArkTS\entry\build\default\intermediates\loader\default\pkgContextInfo.json' has been changed.
[2026-01-21T15:51:58.156] [DEBUG] debug-file - Incremental task entry:default@ProcessStartupConfig pre-execution cost: 1 ms .
[2026-01-21T15:51:58.157] [DEBUG] debug-file - entry : default@ProcessStartupConfig cost memory 0.131134033203125
[2026-01-21T15:51:58.157] [DEBUG] debug-file - runTaskFromQueue task cost before running: 215 ms 
[2026-01-21T15:51:58.157] [INFO] debug-file - Finished :entry:default@ProcessStartupConfig... after 2 ms 
[2026-01-21T15:51:58.158] [DEBUG] debug-file - Executing task :entry:default@BuildNativeWithNinja
[2026-01-21T15:51:58.158] [DEBUG] debug-file - entry : default@BuildNativeWithNinja cost memory 0.0264129638671875
[2026-01-21T15:51:58.158] [DEBUG] debug-file - runTaskFromQueue task cost before running: 216 ms 
[2026-01-21T15:51:58.159] [INFO] debug-file - Finished :entry:default@BuildNativeWithNinja... after 1 ms 
[2026-01-21T15:51:58.160] [DEBUG] debug-file - restool module names: entry; moduleName=entry, taskName=default@ProcessResource
[2026-01-21T15:51:58.166] [DEBUG] debug-file - Executing task :entry:default@ProcessResource
[2026-01-21T15:51:58.166] [DEBUG] debug-file - Task 'entry:default@ProcessResource' cost while wrapping incremental declarations: 1 ms 
[2026-01-21T15:51:58.168] [DEBUG] debug-file - entry : default@ProcessResource cost memory 0.198944091796875
[2026-01-21T15:51:58.168] [DEBUG] debug-file - runTaskFromQueue task cost before running: 226 ms 
[2026-01-21T15:51:58.168] [INFO] debug-file - Finished :entry:default@ProcessResource... after 8 ms 
[2026-01-21T15:51:58.169] [DEBUG] debug-file - Executing task :entry:default@GenerateLoaderJson
[2026-01-21T15:51:58.170] [DEBUG] debug-file - Task 'entry:default@GenerateLoaderJson' cost while wrapping incremental declarations: 1 ms 
[2026-01-21T15:51:58.173] [DEBUG] debug-file - entry:default@GenerateLoaderJson is not up-to-date, since the input file 'D:\adavance\hwhm\ArkTS\entry\build\default\intermediates\loader\default\pkgContextInfo.json' has been changed.
[2026-01-21T15:51:58.173] [DEBUG] debug-file - Incremental task entry:default@GenerateLoaderJson pre-execution cost: 2 ms .
[2026-01-21T15:51:58.174] [DEBUG] debug-file - entry : default@GenerateLoaderJson cost memory 0.6530914306640625
[2026-01-21T15:51:58.174] [DEBUG] debug-file - runTaskFromQueue task cost before running: 232 ms 
[2026-01-21T15:51:58.176] [INFO] debug-file - Finished :entry:default@GenerateLoaderJson... after 6 ms 
[2026-01-21T15:51:58.177] [DEBUG] debug-file - Executing task :entry:default@ProcessLibs
[2026-01-21T15:51:58.180] [DEBUG] debug-file - Worker dispatch failed, running processLibs on main thread.
[2026-01-21T15:51:58.181] [DEBUG] debug-file - entry : default@ProcessLibs cost memory 0.24600982666015625
[2026-01-21T15:51:58.181] [DEBUG] debug-file - runTaskFromQueue task cost before running: 239 ms 
[2026-01-21T15:51:58.181] [INFO] debug-file - Finished :entry:default@ProcessLibs... after 4 ms 
[2026-01-21T15:51:58.182] [DEBUG] debug-file - restool module names: entry; moduleName=entry, taskName=default@CompileResource
[2026-01-21T15:51:58.182] [DEBUG] debug-file - Executing task :entry:default@CompileResource
[2026-01-21T15:51:58.185] [DEBUG] debug-file - Use tool [D:\sw\DevEco Studio\sdk\default\openharmony\toolchains\restool.exe]
 [
  'D:\\sw\\DevEco Studio\\sdk\\default\\openharmony\\toolchains\\restool.exe',
  '-l',
  'D:\\adavance\\hwhm\\ArkTS\\entry\\build\\default\\intermediates\\res\\default\\resConfig.json'
]
[2026-01-21T15:51:58.186] [DEBUG] debug-file - current process  memoryUsage: {
  rss: 179191808,
  heapTotal: 125730816,
  heapUsed: 116094088,
  external: 3152621,
  arrayBuffers: 103937
} os memoryUsage :14.350475311279297
[2026-01-21T15:51:58.298] [DEBUG] debug-file - Info: Pack: normal pack mode

[2026-01-21T15:51:58.460] [DEBUG] debug-file - Info: hardware concurrency count is : 20
Info: thread count is : 20

[2026-01-21T15:51:58.460] [DEBUG] debug-file - Info: thread pool is started

[2026-01-21T15:51:58.461] [DEBUG] debug-file - Info: GenericCompiler::CompileFiles

[2026-01-21T15:51:58.464] [DEBUG] debug-file - Info: GenericCompiler::CompileFiles
Warning: 'D:\adavance\hwhm\ArkTS\entry\src\main\resources\base\media\background.png' is defined repeatedly.

[2026-01-21T15:51:58.465] [DEBUG] debug-file - Warning: 'D:\adavance\hwhm\ArkTS\entry\src\main\resources\base\media\foreground.png' is defined repeatedly.

[2026-01-21T15:51:58.472] [DEBUG] debug-file - Warning: 'D:\adavance\hwhm\ArkTS\entry\src\main\resources\base\media\layered_image.json' is defined repeatedly.

[2026-01-21T15:51:58.478] [DEBUG] debug-file - Info: GenericCompiler::CompileFiles

[2026-01-21T15:51:58.482] [DEBUG] debug-file - 01-21 15:51:58.482  2144 19004 E C01400/ImageTranscoderUtils: DecodeToRGBA IN
01-21 15:51:58.482  2144 19004 E C01400/ImageTranscoderUtils: ImageFilter IN D:\adavance\hwhm\ArkTS\AppScope\resources\base\media\background.png

[2026-01-21T15:51:58.524] [DEBUG] debug-file - 01-21 15:51:58.524  2144 19004 E C01400/ImageTranscoderUtils: DecodeToRGBA IN
01-21 15:51:58.524  2144 19004 E C01400/ImageTranscoderUtils: ImageFilter IN D:\adavance\hwhm\ArkTS\AppScope\resources\base\media\foreground.png

[2026-01-21T15:51:58.551] [DEBUG] debug-file - Info: can't scale media json file.

[2026-01-21T15:51:58.552] [DEBUG] debug-file - 01-21 15:51:58.552  2144 19004 E C01400/ImageTranscoderUtils: DecodeToRGBA IN
01-21 15:51:58.552  2144 19004 E C01400/ImageTranscoderUtils: ImageFilter IN D:\adavance\hwhm\ArkTS\entry\src\main\resources\base\media\logo.png

[2026-01-21T15:51:58.552] [DEBUG] debug-file - 01-21 15:51:58.553  2144 19004 E C01400/ImageTranscoder: TranscodeSLR Only zoom-out is supported.

[2026-01-21T15:51:58.553] [DEBUG] debug-file - Warning: ScaleImage failed, error message: INVALID_PARAMETERS, file path = D:\adavance\hwhm\ArkTS\entry\src\main\resources\base\media\logo.png

[2026-01-21T15:51:58.554] [DEBUG] debug-file - Warning: The width or height of the png file referenced by the icon exceeds the limit (41 pixels)
at D:\adavance\hwhm\ArkTS\AppScope\resources\base\media\background.png

[2026-01-21T15:51:58.554] [DEBUG] debug-file - Warning: The width or height of the png file referenced by the icon exceeds the limit (41 pixels)
at D:\adavance\hwhm\ArkTS\AppScope\resources\base\media\foreground.png
Warning: D:\adavance\hwhm\ArkTS\AppScope\resources\base\media\layered_image.json is not png format
Warning: The width or height of the png file referenced by the icon exceeds the limit (41 pixels)
at D:\adavance\hwhm\ArkTS\entry\src\main\resources\base\media\logo.png
Warning: The width or height of the png file referenced by the startWindowIcon exceeds the limit (144 pixels)
at D:\adavance\hwhm\ArkTS\entry\src\main\resources\base\media\logo.png

[2026-01-21T15:51:58.555] [DEBUG] debug-file - Info: restool resources compile success.

[2026-01-21T15:51:58.555] [DEBUG] debug-file - Info: thread pool is stopped

[2026-01-21T15:51:58.613] [DEBUG] debug-file - entry : default@CompileResource cost memory -0.8988876342773438
[2026-01-21T15:51:58.613] [DEBUG] debug-file - runTaskFromQueue task cost before running: 671 ms 
[2026-01-21T15:51:58.614] [INFO] debug-file - Finished :entry:default@CompileResource... after 432 ms 
[2026-01-21T15:51:58.615] [DEBUG] debug-file - Executing task :entry:default@DoNativeStrip
[2026-01-21T15:51:58.615] [DEBUG] debug-file - Task 'entry:default@DoNativeStrip' cost while wrapping incremental declarations: 1 ms 
[2026-01-21T15:51:58.617] [DEBUG] debug-file - entry : default@DoNativeStrip cost memory 0.0571746826171875
[2026-01-21T15:51:58.617] [DEBUG] debug-file - runTaskFromQueue task cost before running: 675 ms 
[2026-01-21T15:51:58.618] [INFO] debug-file - Finished :entry:default@DoNativeStrip... after 3 ms 
[2026-01-21T15:51:58.619] [DEBUG] debug-file - Executing task :entry:default@CompileArkTS
[2026-01-21T15:51:58.619] [DEBUG] debug-file - obfuscationOptions: undefined
[2026-01-21T15:51:58.620] [DEBUG] debug-file - Task 'entry:default@CompileArkTS' cost while wrapping incremental declarations: 1 ms 
[2026-01-21T15:51:58.628] [DEBUG] debug-file - build config:
[2026-01-21T15:51:58.628] [DEBUG] debug-file - {
  moduleType: 'entry',
  perf: 0,
  targetName: '.default',
  packageManagerType: 'ohpm',
  localPropertiesPath: 'D:\\adavance\\hwhm\\ArkTS\\local.properties',
  isPreview: false,
  isOhosTest: false,
  isLocalTest: false,
  buildMode: 'Debug',
  hotReloadBuild: undefined,
  watchMode: 'false',
  aceProfilePath: 'D:\\adavance\\hwhm\\ArkTS\\entry\\build\\default\\intermediates\\res\\default\\resources\\base\\profile',
  etsLoaderPath: 'D:\\sw\\DevEco Studio\\sdk\\default\\openharmony\\ets\\build-tools\\ets-loader',
  modulePath: 'D:\\adavance\\hwhm\\ArkTS\\entry',
  testFrameworkPar: {
    testMode: undefined,
    coveragePathFilter: undefined,
    coverageMode: undefined
  },
  needCoverageInsert: false,
  debugLine: false,
  projectTopDir: 'D:\\adavance\\hwhm\\ArkTS',
  compileSdkVersion: 22,
  compatibleSdkVersion: 19,
  originCompatibleSdkVersion: '5.1.1(19)',
  compatibleSdkVersionStage: undefined,
  bundleName: 'c***n',
  etsLoaderVersion: '6.0.2.129',
  etsLoaderReleaseType: 'Beta1',
  aotCompileMode: 'type',
  apPath: 'D:\\adavance\\hwhm\\ArkTS\\entry\\modules.ap',
  entryModuleName: 'entry',
  entryModuleVersion: '1.0.0',
  entryPackageName: 'entry',
  allModuleNameHash: '34c47c59c13579220863b9616aec2f6e17c19617047bd11f5c1bff5e8207f688',
  externalApiPaths: [ 'D:\\sw\\DevEco Studio\\sdk\\default\\hms\\ets' ],
  compilerTypes: [],
  isCrossplatform: false,
  hvigorPluginFile: undefined,
  compilePluginPath: undefined,
  buildGeneratedProfilePath: 'D:\\adavance\\hwhm\\ArkTS\\entry\\build\\default\\generated\\profile\\default',
  bundleType: 'app',
  arkTSVersion: undefined,
  apiVersion: 22,
  needCompleteSourcesMap: false,
  isFaMode: false,
  buildDir: 'D:\\adavance\\hwhm\\ArkTS\\entry\\build',
  deviceTypes: [ 'phone' ],
  pkgContextInfo: {
    '@ohos/hypium': {
      packageName: '@ohos/hypium',
      bundleName: '*****',
      moduleName: '',
      version: '1.0.21',
      entryPath: 'index.js',
      isSO: false,
      dependencyAlias: ''
    },
    '@ohos/hamock': {
      packageName: '@ohos/hamock',
      bundleName: '*****',
      moduleName: '',
      version: '1.0.0',
      entryPath: 'index.ets',
      isSO: false,
      dependencyAlias: ''
    },
    entry: {
      packageName: 'entry',
      bundleName: '*****',
      moduleName: '',
      version: '',
      entryPath: 'src/main/',
      isSO: false,
      dependencyAlias: ''
    }
  },
  ohPackagePathMap: {},
  dependencyAliasMap: {},
  permission: {
    requestPermissions: [ [Object], [Object] ],
    definePermissions: undefined
  },
  useGetCurrentBundleName: false,
  projectArkOption: undefined,
  sourceMapDir: undefined,
  branchElimination: false,
  transformLib: undefined,
  tsImportSendable: false,
  resolveConflictMode: true,
  depName2RootPath: {},
  depName2DepInfo: {},
  rootPathSet: [ 'D:\\adavance\\hwhm\\ArkTS' ],
  useNativeResolver: true,
  shouldEmitJs: true,
  useTscResolve: false,
  singleFileEmit: false,
  userProjectConfig: {
    autoLazyImport: false,
    allowEmptyBundleName: false,
    reExportCheckMode: 'noCheck',
    executionMode: 'memory',
    usePathPlaceholder: false,
    writeRollupCache: true,
    isExpandImportEnabled: false,
    expandImportExclude: '',
    lazyImportExclude: '',
    lazyImportInclude: '',
    ignoreCrossplatformCheck: false,
    isHarDeduplicateEnabled: false,
    skipOhModulesLint: false,
    enableStrictCheckOHModule: false,
    disableSendableCheckRules: [],
    useDeclarationFileSignature: false,
    customizedOptions: undefined,
    integratedHsp: false,
    isPreloadSoEnabled: false
  },
  executionMode: 'memory',
  arkCompileCachePath: 'D:\\adavance\\hwhm\\ArkTS\\entry\\build\\default\\cache\\default\\default@CompileArkTS\\esmodule',
  autoLazyFilter: undefined,
  isHarDeduplicateEnabled: false,
  intermediateHarDuplicateDirPath: 'D:\\adavance\\hwhm\\ArkTS\\entry\\build\\default\\intermediates\\har_duplicate\\default',
  autoLazyImport: false,
  allowEmptyBundleName: false,
  reExportCheckMode: 'noCheck',
  usePathPlaceholder: false,
  writeRollupCache: true,
  isExpandImportEnabled: false,
  expandImportExclude: '',
  lazyImportExclude: '',
  lazyImportInclude: '',
  ignoreCrossplatformCheck: false,
  skipOhModulesLint: false,
  enableStrictCheckOHModule: false,
  disableSendableCheckRules: [],
  useDeclarationFileSignature: false,
  customizedOptions: undefined,
  integratedHsp: false,
  isPreloadSoEnabled: false,
  strictMode: {
    caseSensitiveCheck: true,
    useNormalizedOHMUrl: true,
    noExternalImportByPath: true
  },
  useNormalizedOHMUrl: true,
  caseSensitiveCheck: true,
  aceModuleJsonPath: 'D:\\adavance\\hwhm\\ArkTS\\entry\\build\\default\\intermediates\\res\\default\\ark_module.json',
  appResource: 'D:\\adavance\\hwhm\\ArkTS\\entry\\build\\default\\intermediates\\res\\default\\ResourceTable.txt',
  rawFileResource: 'D:\\adavance\\hwhm\\ArkTS\\entry\\build\\default\\intermediates\\res\\default\\resources\\rawfile',
  resourceTableHash: 'ac764fad824322f751f3fe5dec9c5b78f1361d97dcd42590e3b268ee412089c1',
  runtimeOS: 'HarmonyOS',
  sdkInfo: 'false:22:6.0.2.129:Beta1',
  aceModuleRoot: 'D:\\adavance\\hwhm\\ArkTS\\entry\\src\\main\\ets',
  compileMode: 'esmodule',
  aceSuperVisualPath: 'D:\\adavance\\hwhm\\ArkTS\\entry\\src\\main\\supervisual',
  aceBuildJson: 'D:\\adavance\\hwhm\\ArkTS\\entry\\build\\default\\intermediates\\loader\\default\\loader.json',
  cachePath: 'D:\\adavance\\hwhm\\ArkTS\\entry\\build\\default\\cache\\default\\default@CompileArkTS\\esmodule\\debug',
  aceModuleBuild: 'D:\\adavance\\hwhm\\ArkTS\\entry\\build\\default\\intermediates\\loader_out\\default\\ets',
  supportChunks: true,
  declaredFilesPath: undefined,
  shouldCollectDirectImportees: false,
  isByteCodeHarOptimize: false,
  expandImportPath: undefined,
  pkgNameToPkgBriefInfo: {
    entry: {
      pkgRoot: 'D:\\adavance\\hwhm\\ArkTS\\entry',
      originalSourceRoots: undefined,
      sourceRoots: [Array],
      pkgName: 'entry'
    }
  },
  projectModel: {
    'D:\\adavance\\hwhm\\ArkTS\\entry\\src\\main': {
      moduleName: 'entry',
      modulePkgPath: 'D:\\adavance\\hwhm\\ArkTS\\entry',
      belongProjectPath: 'D:\\adavance\\hwhm\\ArkTS'
    },
    'D:\\adavance\\hwhm\\ArkTS\\entry\\build\\default\\intermediates\\src\\ohosTest\\ets': {
      moduleName: 'entry_test',
      modulePkgPath: 'D:\\adavance\\hwhm\\ArkTS\\entry',
      belongProjectPath: 'D:\\adavance\\hwhm\\ArkTS'
    },
    'D:\\adavance\\hwhm\\ArkTS\\entry\\src\\ohosTest': {
      moduleName: 'entry_test',
      modulePkgPath: 'D:\\adavance\\hwhm\\ArkTS\\entry',
      belongProjectPath: 'D:\\adavance\\hwhm\\ArkTS'
    },
    'D:\\adavance\\hwhm\\ArkTS\\entry': {
      moduleName: 'entry',
      modulePkgPath: 'D:\\adavance\\hwhm\\ArkTS\\entry',
      belongProjectPath: 'D:\\adavance\\hwhm\\ArkTS'
    },
    'D:\\adavance\\hwhm\\ArkTS': {
      moduleName: 'ArkTS',
      modulePkgPath: 'D:\\adavance\\hwhm\\ArkTS',
      belongProjectPath: 'D:\\adavance\\hwhm\\ArkTS'
    }
  },
  pkgJsonFileHash: 'd9dfd64cc3026e22153d0541bc238c54f1327a7d4c9080d6f6d351b962e2aff8',
  allModulePaths: [ 'D:\\adavance\\hwhm\\ArkTS\\entry' ],
  routerMap: {},
  obfuscationOptions: undefined,
  byteCodeHarToDependencyKeys: undefined,
  compileBlockPkg: [],
  mockParams: {
    decorator: '@MockSetup',
    packageName: '@ohos/hamock',
    etsSourceRootPath: 'src/main/ets',
    mockConfigPath: 'D:\\adavance\\hwhm\\ArkTS\\entry\\src\\mock\\mock-config.json5',
    mockConfigKey2ModuleInfo: {},
    source2ModuleIdMap: {}
  },
  copyCodeResourceEnable: true,
  copyCodeResourceExcludes: [],
  copyCodeResourceIncludes: undefined,
  uiTransformOptimization: false,
  sdkPath: 'D:/sw/DevEco Studio/sdk',
  needPreloadSoFileSet: {},
  preloadSoFilePath: 'D:\\adavance\\hwhm\\ArkTS\\entry\\build\\default\\intermediates\\preload\\default\\preload.json',
  useSourceHash: false,
  localModuleParamMap: {},
  otherPaths: {
    'entry/*': [
      '..\\*',
      '..\\..\\..\\build\\default\\generated\\profile\\default\\*'
    ]
  },
  collectImportersConfig: undefined
}
[2026-01-21T15:51:58.629] [DEBUG] debug-file - Compile arkts with external api path: D:\sw\DevEco Studio\sdk\default\hms\ets
[2026-01-21T15:51:58.630] [DEBUG] debug-file - default@CompileArkTS work[0] is submitted.
[2026-01-21T15:51:58.631] [DEBUG] debug-file - default@CompileArkTS work[0] is pushed to ready queue.
[2026-01-21T15:51:58.631] [DEBUG] debug-file - A work dispatched to worker[19] failed because unable to get work from ready queue.
[2026-01-21T15:51:58.631] [DEBUG] debug-file - A work dispatched to worker[18] failed because unable to get work from ready queue.
[2026-01-21T15:51:58.631] [DEBUG] debug-file - A work dispatched to worker[17] failed because unable to get work from ready queue.
[2026-01-21T15:51:58.631] [DEBUG] debug-file - A work dispatched to worker[16] failed because unable to get work from ready queue.
[2026-01-21T15:51:58.631] [DEBUG] debug-file - A work dispatched to worker[15] failed because unable to get work from ready queue.
[2026-01-21T15:51:58.631] [DEBUG] debug-file - A work dispatched to worker[14] failed because unable to get work from ready queue.
[2026-01-21T15:51:58.631] [DEBUG] debug-file - A work dispatched to worker[13] failed because unable to get work from ready queue.
[2026-01-21T15:51:58.631] [DEBUG] debug-file - A work dispatched to worker[12] failed because unable to get work from ready queue.
[2026-01-21T15:51:58.631] [DEBUG] debug-file - A work dispatched to worker[11] failed because unable to get work from ready queue.
[2026-01-21T15:51:58.631] [DEBUG] debug-file - A work dispatched to worker[10] failed because unable to get work from ready queue.
[2026-01-21T15:51:58.631] [DEBUG] debug-file - A work dispatched to worker[9] failed because unable to get work from ready queue.
[2026-01-21T15:51:58.631] [DEBUG] debug-file - A work dispatched to worker[8] failed because unable to get work from ready queue.
[2026-01-21T15:51:58.631] [DEBUG] debug-file - A work dispatched to worker[7] failed because unable to get work from ready queue.
[2026-01-21T15:51:58.631] [DEBUG] debug-file - A work dispatched to worker[6] failed because unable to get work from ready queue.
[2026-01-21T15:51:58.632] [DEBUG] debug-file - A work dispatched to worker[5] failed because unable to get work from ready queue.
[2026-01-21T15:51:58.632] [DEBUG] debug-file - Create  resident worker with id: 4.
[2026-01-21T15:51:58.633] [DEBUG] debug-file - default@CompileArkTS work[0] has been dispatched to worker[4].
[2026-01-21T15:51:58.634] [DEBUG] debug-file - default@CompileArkTS work[0] is dispatched.
[2026-01-21T15:51:58.634] [DEBUG] debug-file - CopyResources startTime: 13770663861400
[2026-01-21T15:51:58.634] [DEBUG] debug-file - default@CompileArkTS work[1] is submitted.
[2026-01-21T15:51:58.634] [DEBUG] debug-file - default@CompileArkTS work[1] is pushed to ready queue.
[2026-01-21T15:51:58.634] [DEBUG] debug-file - A work dispatched to worker[19] failed because unable to get work from ready queue.
[2026-01-21T15:51:58.634] [DEBUG] debug-file - Create  resident worker with id: 18.
[2026-01-21T15:51:58.636] [DEBUG] debug-file - default@CompileArkTS work[1] has been dispatched to worker[18].
[2026-01-21T15:51:58.636] [DEBUG] debug-file - default@CompileArkTS work[1] is dispatched.
[2026-01-21T15:51:58.636] [DEBUG] debug-file - entry : default@CompileArkTS cost memory -0.05260467529296875
[2026-01-21T15:51:58.637] [DEBUG] debug-file - Executing task :entry:default@BuildJS
[2026-01-21T15:51:58.638] [DEBUG] debug-file - Task 'entry:default@BuildJS' cost while wrapping incremental declarations: 1 ms 
[2026-01-21T15:51:58.639] [DEBUG] debug-file - entry : default@BuildJS cost memory 0.15453338623046875
[2026-01-21T15:51:58.640] [DEBUG] debug-file - runTaskFromQueue task cost before running: 698 ms 
[2026-01-21T15:51:58.640] [INFO] debug-file - Finished :entry:default@BuildJS... after 3 ms 
[2026-01-21T15:51:58.641] [DEBUG] debug-file - Executing task :entry:default@CacheNativeLibs
[2026-01-21T15:51:58.641] [DEBUG] debug-file - Task 'entry:default@CacheNativeLibs' cost while wrapping incremental declarations: 1 ms 
[2026-01-21T15:51:58.642] [DEBUG] debug-file - default@CacheNativeLibs work[2] is submitted.
[2026-01-21T15:51:58.642] [DEBUG] debug-file - default@CacheNativeLibs work[2] is pushed to ready queue.
[2026-01-21T15:51:58.642] [DEBUG] debug-file - A work dispatched to worker[19] failed because unable to get work from ready queue.
[2026-01-21T15:51:58.642] [DEBUG] debug-file - A work dispatched to worker[18] failed because of worker busy.
[2026-01-21T15:51:58.642] [DEBUG] debug-file - Create  resident worker with id: 17.
[2026-01-21T15:51:58.643] [DEBUG] debug-file - default@CacheNativeLibs work[2] has been dispatched to worker[17].
[2026-01-21T15:51:58.643] [DEBUG] debug-file - default@CacheNativeLibs work[2] is dispatched.
[2026-01-21T15:51:58.643] [DEBUG] debug-file - entry : default@CacheNativeLibs cost memory 0.16986846923828125
[2026-01-21T15:51:59.347] [DEBUG] debug-file - worker[18] has one work done.
[2026-01-21T15:51:59.347] [DEBUG] debug-file - CopyResources is end, endTime: 13771377000700
[2026-01-21T15:51:59.347] [DEBUG] debug-file - default@CompileArkTS work[1] done.
[2026-01-21T15:51:59.347] [DEBUG] debug-file - A work dispatched to worker[18] failed because unable to get work from ready queue.
[2026-01-21T15:51:59.391] [DEBUG] debug-file - worker[17] has one work done.
[2026-01-21T15:51:59.391] [DEBUG] debug-file - default@CacheNativeLibs work[2] done.
[2026-01-21T15:51:59.391] [DEBUG] debug-file - A work dispatched to worker[17] failed because unable to get work from ready queue.
[2026-01-21T15:51:59.392] [INFO] debug-file - Finished :entry:default@CacheNativeLibs... after 7 ms 
[2026-01-21T15:52:04.572] [WARN] debug-file - [33mWARN: [33m[33mArkTS:WARN File: D:/adavance/hwhm/ArkTS/entry/src/main/ets/Utils/AvSessionManager.ets:14:26
 Function may throw exceptions. Special handling is required.
[39m[39m
[33mWARN: [33m[33mArkTS:WARN File: D:/adavance/hwhm/ArkTS/entry/src/main/ets/Utils/AvSessionManager.ets:31:24
 Function may throw exceptions. Special handling is required.
[39m[39m
[33mWARN: [33m[33mArkTS:WARN File: D:/adavance/hwhm/ArkTS/entry/src/main/ets/Utils/AvSessionManager.ets:32:11
 The system capacity of this api 'backgroundTaskManager' is not supported on all devices
[39m[39m
[33mWARN: [33m[33mArkTS:WARN File: D:/adavance/hwhm/ArkTS/entry/src/main/ets/Utils/AvSessionManager.ets:32:11
 Function may throw exceptions. Special handling is required.
[39m[39m
[33mWARN: [33m[33mArkTS:WARN File: D:/adavance/hwhm/ArkTS/entry/src/main/ets/Utils/AvSessionManager.ets:32:56
 'getContext' has been deprecated.
[39m[39m
[33mWARN: [33m[33mArkTS:WARN File: D:/adavance/hwhm/ArkTS/entry/src/main/ets/Utils/AvSessionManager.ets:33:7
 The system capacity of this api 'backgroundTaskManager' is not supported on all devices
[39m[39m
[33mWARN: [33m[33mArkTS:WARN File: D:/adavance/hwhm/ArkTS/entry/src/main/ets/Utils/AvSessionManager.ets:39:5
 Function may throw exceptions. Special handling is required.
[39m[39m
[33mWARN: [33m[33mArkTS:WARN File: D:/adavance/hwhm/ArkTS/entry/src/main/ets/Utils/AvSessionManager.ets:50:5
 Function may throw exceptions. Special handling is required.
[39m[39m
[33mWARN: [33m[33mArkTS:WARN File: D:/adavance/hwhm/ArkTS/entry/src/main/ets/Utils/AvSessionManager.ets:65:5
 Function may throw exceptions. Special handling is required.
[39m[39m
[33mWARN: [33m[33mArkTS:WARN File: D:/adavance/hwhm/ArkTS/entry/src/main/ets/Utils/AvSessionManager.ets:68:5
 Function may throw exceptions. Special handling is required.
[39m[39m
[33mWARN: [33m[33mArkTS:WARN File: D:/adavance/hwhm/ArkTS/entry/src/main/ets/Utils/AvSessionManager.ets:71:5
 Function may throw exceptions. Special handling is required.
[39m[39m
[33mWARN: [33m[33mArkTS:WARN File: D:/adavance/hwhm/ArkTS/entry/src/main/ets/Utils/AvSessionManager.ets:74:5
 Function may throw exceptions. Special handling is required.
[39m[39m
[33mWARN: [33m[33mArkTS:WARN File: D:/adavance/hwhm/ArkTS/entry/src/main/ets/Utils/AvSessionManager.ets:77:5
 Function may throw exceptions. Special handling is required.
[39m[39m
[33mWARN: [33m[33mArkTS:WARN File: D:/adavance/hwhm/ArkTS/entry/src/main/ets/Utils/AvSessionManager.ets:82:5
 Function may throw exceptions. Special handling is required.
[39m[39m
[33mWARN: [33m[33mArkTS:WARN File: D:/adavance/hwhm/ArkTS/entry/src/main/ets/Utils/AvSessionManager.ets:87:11
 Function may throw exceptions. Special handling is required.
[39m[39m
[33mWARN: [33m[33mArkTS:WARN File: D:/adavance/hwhm/ArkTS/entry/src/main/ets/Utils/AVPlayerManager.ets:17:27
 Function may throw exceptions. Special handling is required.
[39m[39m
[33mWARN: [33m[33mArkTS:WARN File: D:/adavance/hwhm/ArkTS/entry/src/main/ets/Utils/AVPlayerManager.ets:59:9
 Function may throw exceptions. Special handling is required.
[39m[39m
[33mWARN: [33m[33mArkTS:WARN File: D:/adavance/hwhm/ArkTS/entry/src/main/ets/Utils/AVPlayerManager.ets:78:11
 Function may throw exceptions. Special handling is required.
[39m[39m
[33mWARN: [33m[33mArkTS:WARN File: D:/adavance/hwhm/ArkTS/entry/src/main/ets/Utils/AVPlayerManager.ets:90:5
 Function may throw exceptions. Special handling is required.
[39m[39m
[33mWARN: [33m[33mArkTS:WARN File: D:/adavance/hwhm/ArkTS/entry/src/main/ets/Utils/AVPlayerManager.ets:148:9
 Function may throw exceptions. Special handling is required.
[39m[39m
[33mWARN: [33m[33mArkTS:WARN File: D:/adavance/hwhm/ArkTS/entry/src/main/ets/Utils/AVPlayerManager.ets:164:11
 Function may throw exceptions. Special handling is required.
[39m[39m
[33mWARN: [33m[33mArkTS:WARN File: D:/adavance/hwhm/ArkTS/entry/src/main/ets/entryability/EntryAbility.ets:11:5
 Function may throw exceptions. Special handling is required.
[39m[39m

[2026-01-21T15:52:04.572] [DEBUG] debug-file - Ark compile task finished.finished time is 13776602430200
[2026-01-21T15:52:04.574] [DEBUG] debug-file - worker[4] has one work done.
[2026-01-21T15:52:04.576] [DEBUG] debug-file - default@CompileArkTS work[0] done.
[2026-01-21T15:52:04.576] [DEBUG] debug-file - A work dispatched to worker[4] failed because unable to get work from ready queue.
[2026-01-21T15:52:04.578] [INFO] debug-file - Finished :entry:default@CompileArkTS... after 4 s 246 ms 
[2026-01-21T15:52:04.579] [DEBUG] debug-file - Executing task :entry:default@GeneratePkgModuleJson
[2026-01-21T15:52:04.579] [DEBUG] debug-file - File: 'D:\adavance\hwhm\ArkTS\entry\build\default\intermediates\preload\default\preload.json' from 'preloadSoJsonPath' is not exists, just ignore.
[2026-01-21T15:52:04.580] [DEBUG] debug-file - Error occurs while handling @Input 'shouldDeduplicateHar': The "data" argument must be of type string or an instance of Buffer, TypedArray, or DataView. Received undefined
[2026-01-21T15:52:04.580] [DEBUG] debug-file - Task 'entry:default@GeneratePkgModuleJson' cost while wrapping incremental declarations: 1 ms 
[2026-01-21T15:52:04.584] [DEBUG] debug-file - entry : default@GeneratePkgModuleJson cost memory -1.4357223510742188
[2026-01-21T15:52:04.584] [DEBUG] debug-file - runTaskFromQueue task cost before running: 6 s 642 ms 
[2026-01-21T15:52:04.584] [INFO] debug-file - Finished :entry:default@GeneratePkgModuleJson... after 6 ms 
[2026-01-21T15:52:04.585] [DEBUG] debug-file - Executing task :entry:default@ProcessCompiledResources
[2026-01-21T15:52:04.585] [DEBUG] debug-file - File: 'D:\adavance\hwhm\ArkTS\entry\build\default\intermediates\preload\default\preload.json' from 'preloadSoJsonPath' is not exists, just ignore.
[2026-01-21T15:52:04.585] [DEBUG] debug-file - Task 'entry:default@ProcessCompiledResources' cost while wrapping incremental declarations: 1 ms 
[2026-01-21T15:52:04.586] [DEBUG] debug-file - entry : default@ProcessCompiledResources cost memory 0.05767822265625
[2026-01-21T15:52:04.586] [DEBUG] debug-file - runTaskFromQueue task cost before running: 6 s 644 ms 
[2026-01-21T15:52:04.587] [INFO] debug-file - Finished :entry:default@ProcessCompiledResources... after 2 ms 
[2026-01-21T15:52:04.589] [DEBUG] debug-file - Executing task :entry:default@PackageHap
[2026-01-21T15:52:04.594] [DEBUG] debug-file - Use tool [D:\sw\DevEco Studio\sdk\default\openharmony\toolchains\lib\app_packing_tool.jar]
 [
  'java',
  '-Dfile.encoding=GBK',
  '-jar',
  'D:\\sw\\DevEco Studio\\sdk\\default\\openharmony\\toolchains\\lib\\app_packing_tool.jar',
  '--mode',
  'hap',
  '--force',
  'true',
  '--lib-path',
  'D:\\adavance\\hwhm\\ArkTS\\entry\\build\\default\\intermediates\\stripped_native_libs\\default',
  '--json-path',
  'D:\\adavance\\hwhm\\ArkTS\\entry\\build\\default\\intermediates\\package\\default\\module.json',
  '--resources-path',
  'D:\\adavance\\hwhm\\ArkTS\\entry\\build\\default\\intermediates\\res\\default\\resources',
  '--index-path',
  'D:\\adavance\\hwhm\\ArkTS\\entry\\build\\default\\intermediates\\res\\default\\resources.index',
  '--pack-info-path',
  'D:\\adavance\\hwhm\\ArkTS\\entry\\build\\default\\outputs\\default\\pack.info',
  '--out-path',
  'D:\\adavance\\hwhm\\ArkTS\\entry\\build\\default\\outputs\\default\\entry-default-unsigned.hap',
  '--ets-path',
  'D:\\adavance\\hwhm\\ArkTS\\entry\\build\\default\\intermediates\\loader_out\\default\\ets',
  '--pkg-context-path',
  'D:\\adavance\\hwhm\\ArkTS\\entry\\build\\default\\intermediates\\loader\\default\\pkgContextInfo.json'
]
[2026-01-21T15:52:05.274] [DEBUG] debug-file - java daemon socket received message:{"code":0,"message":"pack success"}
[2026-01-21T15:52:05.280] [DEBUG] debug-file - entry : default@PackageHap cost memory -0.192108154296875
[2026-01-21T15:52:05.280] [DEBUG] debug-file - runTaskFromQueue task cost before running: 7 s 338 ms 
[2026-01-21T15:52:05.280] [INFO] debug-file - Finished :entry:default@PackageHap... after 691 ms 
[2026-01-21T15:52:05.282] [DEBUG] debug-file - Executing task :entry:default@PackingCheck
[2026-01-21T15:52:05.293] [DEBUG] debug-file - entry : default@PackingCheck cost memory 0.54608154296875
[2026-01-21T15:52:05.293] [DEBUG] debug-file - runTaskFromQueue task cost before running: 7 s 351 ms 
[2026-01-21T15:52:05.294] [INFO] debug-file - Finished :entry:default@PackingCheck... after 12 ms 
[2026-01-21T15:52:05.296] [DEBUG] debug-file - Executing task :entry:default@SignHap
[2026-01-21T15:52:05.298] [WARN] debug-file - Will skip sign 'hos_hap'. No signingConfigs profile is configured in current project.
             If needed, configure the signingConfigs in D:\adavance\hwhm\ArkTS\build-profile.json5.
[2026-01-21T15:52:05.300] [DEBUG] debug-file - entry : default@SignHap cost memory -0.6792526245117188
[2026-01-21T15:52:05.301] [DEBUG] debug-file - runTaskFromQueue task cost before running: 7 s 359 ms 
[2026-01-21T15:52:05.301] [INFO] debug-file - Finished :entry:default@SignHap... after 5 ms 
[2026-01-21T15:52:05.304] [DEBUG] debug-file - Executing task :entry:default@CollectDebugSymbol
[2026-01-21T15:52:05.306] [DEBUG] debug-file - entry : default@CollectDebugSymbol cost memory 0.08631134033203125
[2026-01-21T15:52:05.306] [DEBUG] debug-file - runTaskFromQueue task cost before running: 7 s 364 ms 
[2026-01-21T15:52:05.307] [INFO] debug-file - Finished :entry:default@CollectDebugSymbol... after 3 ms 
[2026-01-21T15:52:05.307] [DEBUG] debug-file - Executing task :entry:assembleHap
[2026-01-21T15:52:05.308] [DEBUG] debug-file - entry : assembleHap cost memory 0.0126800537109375
[2026-01-21T15:52:05.308] [DEBUG] debug-file - runTaskFromQueue task cost before running: 7 s 366 ms 
[2026-01-21T15:52:05.308] [INFO] debug-file - Finished :entry:assembleHap... after 1 ms 
[2026-01-21T15:52:05.320] [INFO] debug-file - BUILD SUCCESSFUL in 7 s 378 ms 
[2026-01-21T15:52:05.321] [DEBUG] debug-file - Update task entry:default@PreBuild input file:D:\adavance\hwhm\ArkTS\AppScope\app.json5 cache by regenerate.
[2026-01-21T15:52:05.321] [DEBUG] debug-file - Update task entry:default@PreBuild input file:D:\adavance\hwhm\ArkTS\entry\src\main\module.json5 cache by regenerate.
[2026-01-21T15:52:05.322] [DEBUG] debug-file - Update task entry:default@PreBuild input file:D:\adavance\hwhm\ArkTS\build-profile.json5 cache by regenerate.
[2026-01-21T15:52:05.322] [DEBUG] debug-file - Update task entry:default@PreBuild input file:D:\adavance\hwhm\ArkTS\entry\build-profile.json5 cache by regenerate.
[2026-01-21T15:52:05.322] [DEBUG] debug-file - Update task entry:default@PreBuild input file:D:\adavance\hwhm\ArkTS\entry\src\main\resources\base\profile\route_map.json cache by regenerate.
[2026-01-21T15:52:05.323] [DEBUG] debug-file - Update task entry:default@PreBuild input file:D:\adavance\hwhm\ArkTS\entry\src\main\resources\base\profile\main_pages.json cache by regenerate.
[2026-01-21T15:52:05.323] [DEBUG] debug-file - Update task entry:default@PreBuild input file:D:\adavance\hwhm\ArkTS\hvigor\hvigor-config.json5 cache by regenerate.
[2026-01-21T15:52:05.323] [DEBUG] debug-file - Update task entry:default@PreBuild input file:D:\adavance\hwhm\ArkTS\entry\src\mock\mock-config.json5 cache by regenerate.
[2026-01-21T15:52:05.323] [DEBUG] debug-file - Update task entry:default@PreBuild input file:D:\adavance\hwhm\ArkTS\entry\oh-package.json5 cache by regenerate.
[2026-01-21T15:52:05.324] [DEBUG] debug-file - Update task entry:default@PreBuild input file:D:\adavance\hwhm\ArkTS\oh-package.json5 cache by regenerate.
[2026-01-21T15:52:05.324] [DEBUG] debug-file - Incremental task entry:default@PreBuild post-execution cost:5 ms .
[2026-01-21T15:52:05.325] [DEBUG] debug-file - Update task entry:default@CreateModuleInfo output file:D:\adavance\hwhm\ArkTS\entry\build\default\generated\profile\default\ModuleInfo.ts cache.
[2026-01-21T15:52:05.325] [DEBUG] debug-file - Incremental task entry:default@CreateModuleInfo post-execution cost:1 ms .
[2026-01-21T15:52:05.325] [DEBUG] debug-file - Update task entry:default@GenerateMetadata input file:D:\adavance\hwhm\ArkTS\entry\src\main\module.json5 cache by regenerate.
[2026-01-21T15:52:05.325] [DEBUG] debug-file - Update task entry:default@GenerateMetadata output file:D:\adavance\hwhm\ArkTS\entry\build\default\intermediates\hap_metadata\default\output_metadata.json cache.
[2026-01-21T15:52:05.325] [DEBUG] debug-file - Incremental task entry:default@GenerateMetadata post-execution cost:1 ms .
[2026-01-21T15:52:05.325] [DEBUG] debug-file - Update task entry:default@MergeProfile input file:D:\adavance\hwhm\ArkTS\AppScope\app.json5 cache by regenerate.
[2026-01-21T15:52:05.325] [DEBUG] debug-file - Update task entry:default@MergeProfile input file:D:\adavance\hwhm\ArkTS\build-profile.json5 cache by regenerate.
[2026-01-21T15:52:05.326] [DEBUG] debug-file - Update task entry:default@MergeProfile input file:D:\adavance\hwhm\ArkTS\entry\src\main\module.json5 cache by regenerate.
[2026-01-21T15:52:05.326] [DEBUG] debug-file - Update task entry:default@MergeProfile output file:D:\adavance\hwhm\ArkTS\entry\build\default\intermediates\merge_profile\default\module.json cache.
[2026-01-21T15:52:05.326] [DEBUG] debug-file - Incremental task entry:default@MergeProfile post-execution cost:1 ms .
[2026-01-21T15:52:05.326] [DEBUG] debug-file - Update task entry:default@CreateBuildProfile input file:D:\adavance\hwhm\ArkTS\AppScope\app.json5 cache by regenerate.
[2026-01-21T15:52:05.327] [DEBUG] debug-file - Update task entry:default@CreateBuildProfile input file:D:\adavance\hwhm\ArkTS\build-profile.json5 cache by regenerate.
[2026-01-21T15:52:05.328] [DEBUG] debug-file - Update task entry:default@CreateBuildProfile output file:D:\adavance\hwhm\ArkTS\entry\build\default\generated\profile\default\BuildProfile.ets cache.
[2026-01-21T15:52:05.328] [DEBUG] debug-file - Incremental task entry:default@CreateBuildProfile post-execution cost:2 ms .
[2026-01-21T15:52:05.328] [DEBUG] debug-file - Update task entry:default@GeneratePkgContextInfo output file:D:\adavance\hwhm\ArkTS\entry\build\default\intermediates\loader\default\pkgContextInfo.json cache.
[2026-01-21T15:52:05.329] [DEBUG] debug-file - Incremental task entry:default@GeneratePkgContextInfo post-execution cost:1 ms .
[2026-01-21T15:52:05.329] [DEBUG] debug-file - Update task entry:default@ProcessIntegratedHsp output file:D:\adavance\hwhm\ArkTS\build\cache\default\integrated_hsp\integratedHspCache.json cache.
[2026-01-21T15:52:05.329] [DEBUG] debug-file - Incremental task entry:default@ProcessIntegratedHsp post-execution cost:1 ms .
[2026-01-21T15:52:05.330] [DEBUG] debug-file - Update task entry:default@MakePackInfo input file:D:\adavance\hwhm\ArkTS\AppScope\app.json5 cache by regenerate.
[2026-01-21T15:52:05.330] [DEBUG] debug-file - Update task entry:default@MakePackInfo input file:D:\adavance\hwhm\ArkTS\entry\src\main\module.json5 cache by regenerate.
[2026-01-21T15:52:05.330] [DEBUG] debug-file - Update task entry:default@MakePackInfo input file:D:\adavance\hwhm\ArkTS\build-profile.json5 cache by regenerate.
[2026-01-21T15:52:05.330] [DEBUG] debug-file - Update task entry:default@MakePackInfo input file:D:\adavance\hwhm\ArkTS\entry\src\main\resources\base\profile\backup_config.json cache by regenerate.
[2026-01-21T15:52:05.331] [DEBUG] debug-file - Update task entry:default@MakePackInfo output file:D:\adavance\hwhm\ArkTS\entry\build\default\outputs\default\pack.info cache.
[2026-01-21T15:52:05.331] [DEBUG] debug-file - Incremental task entry:default@MakePackInfo post-execution cost:2 ms .
[2026-01-21T15:52:05.331] [DEBUG] debug-file - Update task entry:default@SyscapTransform input file:D:\sw\DevEco Studio\sdk\default\openharmony\toolchains\syscap_tool.exe cache by regenerate.
[2026-01-21T15:52:05.331] [DEBUG] debug-file - Update task entry:default@SyscapTransform input file:D:\sw\DevEco Studio\sdk\default\openharmony\ets\api\device-define cache by regenerate.
[2026-01-21T15:52:05.333] [DEBUG] debug-file - Update task entry:default@SyscapTransform output file:D:\adavance\hwhm\ArkTS\entry\build\default\intermediates\syscap\default\rpcid.sc cache.
[2026-01-21T15:52:05.333] [DEBUG] debug-file - Incremental task entry:default@SyscapTransform post-execution cost:2 ms .
[2026-01-21T15:52:05.333] [DEBUG] debug-file - Update task entry:default@ProcessProfile input file:D:\adavance\hwhm\ArkTS\entry\build\default\intermediates\merge_profile\default\module.json cache from map.
[2026-01-21T15:52:05.333] [DEBUG] debug-file - Update task entry:default@ProcessProfile output file:D:\adavance\hwhm\ArkTS\entry\build\default\intermediates\process_profile\default\module.json cache.
[2026-01-21T15:52:05.333] [DEBUG] debug-file - Incremental task entry:default@ProcessProfile post-execution cost:1 ms .
[2026-01-21T15:52:05.334] [DEBUG] debug-file - Update task entry:default@ProcessRouterMap input file:D:\adavance\hwhm\ArkTS\entry\oh-package.json5 cache by regenerate.
[2026-01-21T15:52:05.334] [DEBUG] debug-file - Update task entry:default@ProcessRouterMap input file:D:\adavance\hwhm\ArkTS\oh-package.json5 cache by regenerate.
[2026-01-21T15:52:05.334] [DEBUG] debug-file - Update task entry:default@ProcessRouterMap input file:D:\adavance\hwhm\ArkTS\entry\src\main\module.json5 cache by regenerate.
[2026-01-21T15:52:05.334] [DEBUG] debug-file - Update task entry:default@ProcessRouterMap input file:D:\adavance\hwhm\ArkTS\entry\src\main\resources\base\profile\route_map.json cache by regenerate.
[2026-01-21T15:52:05.334] [DEBUG] debug-file - Update task entry:default@ProcessRouterMap input file:D:\adavance\hwhm\ArkTS\entry\build\default\intermediates\loader\default\pkgContextInfo.json cache from map.
[2026-01-21T15:52:05.334] [DEBUG] debug-file - Update task entry:default@ProcessRouterMap output file:D:\adavance\hwhm\ArkTS\entry\build\default\intermediates\router_map\default\route_map.json cache.
[2026-01-21T15:52:05.334] [DEBUG] debug-file - Update task entry:default@ProcessRouterMap output file:D:\adavance\hwhm\ArkTS\entry\build\default\intermediates\router_map\default\loader-router-map.json cache.
[2026-01-21T15:52:05.334] [DEBUG] debug-file - Incremental task entry:default@ProcessRouterMap post-execution cost:1 ms .
[2026-01-21T15:52:05.334] [DEBUG] debug-file - Update task entry:default@ProcessShareConfig input file:D:\adavance\hwhm\ArkTS\entry\oh-package.json5 cache by regenerate.
[2026-01-21T15:52:05.334] [DEBUG] debug-file - Update task entry:default@ProcessShareConfig input file:D:\adavance\hwhm\ArkTS\oh-package.json5 cache by regenerate.
[2026-01-21T15:52:05.335] [DEBUG] debug-file - Update task entry:default@ProcessShareConfig input file:D:\adavance\hwhm\ArkTS\entry\src\main\module.json5 cache by regenerate.
[2026-01-21T15:52:05.335] [DEBUG] debug-file - Update task entry:default@ProcessShareConfig input file:D:\adavance\hwhm\ArkTS\entry\build\default\intermediates\loader\default\pkgContextInfo.json cache from map.
[2026-01-21T15:52:05.335] [DEBUG] debug-file - Update task entry:default@ProcessShareConfig output file:D:\adavance\hwhm\ArkTS\entry\build\default\intermediates\share_config\default\temp-share-config.json cache.
[2026-01-21T15:52:05.336] [DEBUG] debug-file - Incremental task entry:default@ProcessShareConfig post-execution cost:2 ms .
[2026-01-21T15:52:05.336] [DEBUG] debug-file - Update task entry:default@ProcessStartupConfig input file:D:\adavance\hwhm\ArkTS\entry\build\default\intermediates\loader\default\pkgContextInfo.json cache from map.
[2026-01-21T15:52:05.336] [DEBUG] debug-file - Update task entry:default@ProcessStartupConfig output file:D:\adavance\hwhm\ArkTS\entry\build\default\intermediates\startup\default\startup_config.json cache.
[2026-01-21T15:52:05.336] [DEBUG] debug-file - Incremental task entry:default@ProcessStartupConfig post-execution cost:1 ms .
[2026-01-21T15:52:05.336] [DEBUG] debug-file - Update task entry:default@ProcessResource output file:D:\adavance\hwhm\ArkTS\entry\build\default\intermediates\res\default\resConfig.json cache.
[2026-01-21T15:52:05.337] [DEBUG] debug-file - Update task entry:default@ProcessResource output file:D:\adavance\hwhm\ArkTS\entry\build\default\intermediates\res\default\opt-compression.json cache.
[2026-01-21T15:52:05.337] [DEBUG] debug-file - Incremental task entry:default@ProcessResource post-execution cost:1 ms .
[2026-01-21T15:52:05.339] [DEBUG] debug-file - Update task entry:default@GenerateLoaderJson input file:D:\adavance\hwhm\ArkTS\entry\src\mock\mock-config.json5 cache by regenerate.
[2026-01-21T15:52:05.339] [DEBUG] debug-file - Update task entry:default@GenerateLoaderJson input file:D:\adavance\hwhm\ArkTS\entry\build\default\intermediates\loader\default\pkgContextInfo.json cache from map.
[2026-01-21T15:52:05.340] [DEBUG] debug-file - Update task entry:default@GenerateLoaderJson input file:D:\adavance\hwhm\ArkTS\entry\build\default\intermediates\router_map\default\loader-router-map.json cache by regenerate.
[2026-01-21T15:52:05.340] [DEBUG] debug-file - Update task entry:default@GenerateLoaderJson input file:D:\adavance\hwhm\ArkTS\entry\build\default\intermediates\router_map\default\route_map.json cache by regenerate.
[2026-01-21T15:52:05.341] [DEBUG] debug-file - Update task entry:default@GenerateLoaderJson output file:D:\adavance\hwhm\ArkTS\entry\build\default\intermediates\loader\default\loader.json cache.
[2026-01-21T15:52:05.341] [DEBUG] debug-file - Incremental task entry:default@GenerateLoaderJson post-execution cost:4 ms .
[2026-01-21T15:52:05.341] [DEBUG] debug-file - Update task entry:default@ProcessLibs input file:D:\adavance\hwhm\ArkTS\build-profile.json5 cache by regenerate.
[2026-01-21T15:52:05.341] [DEBUG] debug-file - Update task entry:default@ProcessLibs input file:D:\adavance\hwhm\ArkTS\entry\build-profile.json5 cache by regenerate.
[2026-01-21T15:52:05.342] [DEBUG] debug-file - Update task entry:default@ProcessLibs output file:D:\adavance\hwhm\ArkTS\entry\build\default\intermediates\libs\default cache.
[2026-01-21T15:52:05.343] [DEBUG] debug-file - Incremental task entry:default@ProcessLibs post-execution cost:2 ms .
[2026-01-21T15:52:05.344] [DEBUG] debug-file - Update task entry:default@CompileResource input file:D:\adavance\hwhm\ArkTS\entry\src\main\resources cache by regenerate.
[2026-01-21T15:52:05.352] [DEBUG] debug-file - Update task entry:default@CompileResource input file:D:\adavance\hwhm\ArkTS\AppScope\resources cache by regenerate.
[2026-01-21T15:52:05.352] [DEBUG] debug-file - Update task entry:default@CompileResource input file:D:\adavance\hwhm\ArkTS\entry\build\default\intermediates\process_profile\default\module.json cache by regenerate.
[2026-01-21T15:52:05.353] [DEBUG] debug-file - Update task entry:default@CompileResource input file:D:\adavance\hwhm\ArkTS\entry\build\default\intermediates\router_map\default\route_map.json cache by regenerate.
[2026-01-21T15:52:05.353] [DEBUG] debug-file - Update task entry:default@CompileResource input file:D:\adavance\hwhm\ArkTS\entry\build\default\intermediates\res\default\resConfig.json cache by regenerate.
[2026-01-21T15:52:05.353] [DEBUG] debug-file - Update task entry:default@CompileResource output file:D:\adavance\hwhm\ArkTS\entry\build\default\intermediates\res\default cache.
[2026-01-21T15:52:05.361] [DEBUG] debug-file - Update task entry:default@CompileResource output file:D:\adavance\hwhm\ArkTS\entry\build\default\generated\r\default\ResourceTable.h cache.
[2026-01-21T15:52:05.361] [DEBUG] debug-file - Update task entry:default@CompileResource output file:D:\adavance\hwhm\ArkTS\entry\build\default\generated\r\default cache.
[2026-01-21T15:52:05.362] [DEBUG] debug-file - Incremental task entry:default@CompileResource post-execution cost:19 ms .
[2026-01-21T15:52:05.362] [DEBUG] debug-file - Update task entry:default@DoNativeStrip input file:D:\adavance\hwhm\ArkTS\entry\build\default\intermediates\libs\default cache by regenerate.
[2026-01-21T15:52:05.362] [DEBUG] debug-file - Update task entry:default@DoNativeStrip output file:D:\adavance\hwhm\ArkTS\entry\build\default\intermediates\stripped_native_libs\default cache.
[2026-01-21T15:52:05.363] [DEBUG] debug-file - Incremental task entry:default@DoNativeStrip post-execution cost:1 ms .
[2026-01-21T15:52:05.364] [DEBUG] debug-file - Update task entry:default@CompileArkTS input file:D:\adavance\hwhm\ArkTS\entry\build\default\intermediates\loader\default cache by regenerate.
[2026-01-21T15:52:05.365] [DEBUG] debug-file - Update task entry:default@CompileArkTS input file:D:\adavance\hwhm\ArkTS\entry\build\default\intermediates\res\default\ResourceTable.txt cache by regenerate.
[2026-01-21T15:52:05.365] [DEBUG] debug-file - Update task entry:default@CompileArkTS input file:D:\adavance\hwhm\ArkTS\entry\build\default\intermediates\res\default\ark_module.json cache by regenerate.
[2026-01-21T15:52:05.365] [DEBUG] debug-file - Update task entry:default@CompileArkTS input file:D:\adavance\hwhm\ArkTS\entry\build\default\intermediates\res\default\resources\base\profile cache by regenerate.
[2026-01-21T15:52:05.365] [DEBUG] debug-file - Update task entry:default@CompileArkTS input file:D:\adavance\hwhm\ArkTS\entry\src\main\ets cache by regenerate.
[2026-01-21T15:52:05.367] [DEBUG] debug-file - Update task entry:default@CompileArkTS input file:D:\adavance\hwhm\ArkTS\entry\build\default\intermediates\loader\default\pkgContextInfo.json cache by regenerate.
[2026-01-21T15:52:05.367] [DEBUG] debug-file - Update task entry:default@CompileArkTS input file:D:\adavance\hwhm\ArkTS\entry\build\default\generated\profile\default\BuildProfile.ets cache by regenerate.
[2026-01-21T15:52:05.367] [DEBUG] debug-file - Update task entry:default@CompileArkTS input file:D:\adavance\hwhm\ArkTS\entry\src\mock\mock-config.json5 cache by regenerate.
[2026-01-21T15:52:05.367] [DEBUG] debug-file - Update task entry:default@CompileArkTS output file:D:\adavance\hwhm\ArkTS\entry\build\default\intermediates\loader_out\default\ets cache.
[2026-01-21T15:52:05.368] [DEBUG] debug-file - Incremental task entry:default@CompileArkTS post-execution cost:6 ms .
[2026-01-21T15:52:05.369] [DEBUG] debug-file - Update task entry:default@BuildJS input file:D:\adavance\hwhm\ArkTS\entry\build\default\intermediates\loader\default cache by regenerate.
[2026-01-21T15:52:05.369] [DEBUG] debug-file - Update task entry:default@BuildJS input file:D:\adavance\hwhm\ArkTS\entry\build\default\intermediates\res\default\ResourceTable.txt cache by regenerate.
[2026-01-21T15:52:05.369] [DEBUG] debug-file - Update task entry:default@BuildJS input file:D:\adavance\hwhm\ArkTS\entry\build\default\intermediates\res\default\ark_module.json cache by regenerate.
[2026-01-21T15:52:05.369] [DEBUG] debug-file - Update task entry:default@BuildJS input file:D:\adavance\hwhm\ArkTS\entry\build\default\intermediates\res\default\resources\base\profile cache by regenerate.
[2026-01-21T15:52:05.370] [DEBUG] debug-file - Update task entry:default@BuildJS input file:D:\adavance\hwhm\ArkTS\entry\build\default\intermediates\loader\default\pkgContextInfo.json cache by regenerate.
[2026-01-21T15:52:05.370] [DEBUG] debug-file - Update task entry:default@BuildJS output file:D:\adavance\hwhm\ArkTS\entry\build\default\intermediates\loader_out\default\js cache.
[2026-01-21T15:52:05.371] [DEBUG] debug-file - Incremental task entry:default@BuildJS post-execution cost:3 ms .
[2026-01-21T15:52:05.371] [DEBUG] debug-file - Update task entry:default@CacheNativeLibs input file:D:\adavance\hwhm\ArkTS\entry\build\default\intermediates\stripped_native_libs\default cache by regenerate.
[2026-01-21T15:52:05.371] [DEBUG] debug-file - Update task entry:default@CacheNativeLibs input file:D:\adavance\hwhm\ArkTS\entry\build\default\intermediates\libs\default cache by regenerate.
[2026-01-21T15:52:05.372] [DEBUG] debug-file - Update task entry:default@CacheNativeLibs output file:D:\adavance\hwhm\ArkTS\entry\build\default\intermediates\patch\default\base_native_libs.json cache.
[2026-01-21T15:52:05.372] [DEBUG] debug-file - Incremental task entry:default@CacheNativeLibs post-execution cost:2 ms .
[2026-01-21T15:52:05.372] [DEBUG] debug-file - Update task entry:default@GeneratePkgModuleJson input file:D:\adavance\hwhm\ArkTS\entry\build\default\intermediates\res\default\module.json cache by regenerate.
[2026-01-21T15:52:05.373] [DEBUG] debug-file - Update task entry:default@GeneratePkgModuleJson output file:D:\adavance\hwhm\ArkTS\entry\build\default\intermediates\package\default\module.json cache.
[2026-01-21T15:52:05.373] [DEBUG] debug-file - Incremental task entry:default@GeneratePkgModuleJson post-execution cost:1 ms .
[2026-01-21T15:52:05.373] [DEBUG] debug-file - Incremental task entry:default@ProcessCompiledResources post-execution cost:1 ms .
[2026-01-21T15:52:05.374] [DEBUG] debug-file - Update task entry:default@PackageHap input file:D:\adavance\hwhm\ArkTS\entry\build\default\intermediates\stripped_native_libs\default cache by regenerate.
[2026-01-21T15:52:05.374] [DEBUG] debug-file - Update task entry:default@PackageHap input file:D:\adavance\hwhm\ArkTS\entry\build\default\intermediates\res\default\module.json cache by regenerate.
[2026-01-21T15:52:05.374] [DEBUG] debug-file - Update task entry:default@PackageHap input file:D:\adavance\hwhm\ArkTS\entry\build\default\intermediates\res\default\resources cache by regenerate.
[2026-01-21T15:52:05.382] [DEBUG] debug-file - Update task entry:default@PackageHap input file:D:\adavance\hwhm\ArkTS\entry\build\default\intermediates\res\default\resources.index cache by regenerate.
[2026-01-21T15:52:05.382] [DEBUG] debug-file - Update task entry:default@PackageHap input file:D:\adavance\hwhm\ArkTS\entry\build\default\outputs\default\pack.info cache by regenerate.
[2026-01-21T15:52:05.383] [DEBUG] debug-file - Update task entry:default@PackageHap input file:D:\adavance\hwhm\ArkTS\entry\build\default\intermediates\loader_out\default\ets cache by regenerate.
[2026-01-21T15:52:05.383] [DEBUG] debug-file - Update task entry:default@PackageHap input file:D:\adavance\hwhm\ArkTS\entry\build\default\intermediates\loader\default\pkgContextInfo.json cache by regenerate.
[2026-01-21T15:52:05.384] [DEBUG] debug-file - Update task entry:default@PackageHap input file:D:\adavance\hwhm\ArkTS\entry\build\default\intermediates\loader_out\default\ets\sourceMaps.map cache by regenerate.
[2026-01-21T15:52:05.384] [DEBUG] debug-file - Update task entry:default@PackageHap input file:D:\adavance\hwhm\ArkTS\entry\build\default\generated\profile\default\BuildProfile.ets cache by regenerate.
[2026-01-21T15:52:05.384] [DEBUG] debug-file - Update task entry:default@PackageHap output file:D:\adavance\hwhm\ArkTS\entry\build\default\outputs\default\entry-default-unsigned.hap cache.
[2026-01-21T15:52:05.385] [DEBUG] debug-file - Update task entry:default@PackageHap output file:D:\adavance\hwhm\ArkTS\entry\build\default\intermediates\source_map\default\sourceMaps.map cache.
[2026-01-21T15:52:05.385] [DEBUG] debug-file - Update task entry:default@PackageHap output file:D:\adavance\hwhm\ArkTS\entry\build\default\outputs\default\mapping\sourceMaps.map cache.
[2026-01-21T15:52:05.386] [DEBUG] debug-file - Incremental task entry:default@PackageHap post-execution cost:13 ms .
[2026-01-21T15:52:05.386] [DEBUG] debug-file - Update task entry:default@SignHap input file:D:\adavance\hwhm\ArkTS\entry\build\default\outputs\default\entry-default-unsigned.hap cache by regenerate.
[2026-01-21T15:52:05.387] [DEBUG] debug-file - Update task entry:default@SignHap output file:D:\adavance\hwhm\ArkTS\entry\build\default\outputs\default\entry-default-signed.hap cache.
[2026-01-21T15:52:05.387] [DEBUG] debug-file - Incremental task entry:default@SignHap post-execution cost:2 ms .
[2026-01-21T15:52:05.388] [DEBUG] debug-file - Update task entry:default@CollectDebugSymbol input file:D:\adavance\hwhm\ArkTS\entry\build\default\intermediates\loader_out\default\ets\sourceMaps.map cache by regenerate.
[2026-01-21T15:52:05.388] [DEBUG] debug-file - Update task entry:default@CollectDebugSymbol input file:D:\adavance\hwhm\ArkTS\entry\build\default\intermediates\libs\default cache by regenerate.
[2026-01-21T15:52:05.389] [DEBUG] debug-file - Update task entry:default@CollectDebugSymbol output file:D:\adavance\hwhm\ArkTS\entry\build\default\outputs\default\symbol cache.
[2026-01-21T15:52:05.389] [DEBUG] debug-file - Incremental task entry:default@CollectDebugSymbol post-execution cost:2 ms .
[2026-01-21T15:52:05.420] [DEBUG] debug-file - Cleanup worker 18.
[2026-01-21T15:52:05.420] [DEBUG] debug-file - Worker 18 has been cleaned up.
[2026-01-21T15:52:05.420] [DEBUG] debug-file - Current idle worker size: 2.
[2026-01-21T15:52:05.420] [DEBUG] debug-file - Current resident worker size: 3.
[2026-01-21T15:52:05.420] [DEBUG] debug-file - Cleanup worker 17.
[2026-01-21T15:52:05.421] [DEBUG] debug-file - Worker 17 has been cleaned up.
[2026-01-21T15:52:05.421] [DEBUG] debug-file - Current idle worker size: 1.
[2026-01-21T15:52:05.421] [DEBUG] debug-file - Current resident worker size: 3.
[2026-01-21T15:52:05.422] [DEBUG] debug-file - hvigor build process will be closed.
[2026-01-21T15:52:05.423] [DEBUG] debug-file - java daemon socket close code:1000 reason:close by user
[2026-01-21T15:52:05.429] [DEBUG] debug-file - session manager: send message to worker process.
[2026-01-21T15:52:05.429] [DEBUG] debug-file - session manager: send message to worker process.
[2026-01-21T15:52:05.429] [DEBUG] debug-file - watch worker: worker id should be larger than 0. Nothing will be sent to any worker thread.
[2026-01-21T15:52:05.430] [DEBUG] debug-file - watch worker: worker id should be larger than 0. Nothing will be sent to any worker thread.
[2026-01-21T15:52:05.439] [DEBUG] debug-file - worker[18] exits with exit code 1.
[2026-01-21T15:52:05.440] [DEBUG] debug-file - worker[17] exits with exit code 1.
